State,Race,Year,uninsured_rate,Census_Division
Wyoming,Non-Hispanic White,2018,0.07,Mountain
Wyoming,Hispanic or Latino,2018,0.06,Mountain
Wyoming,Black or African American,2018,0.02,Mountain
Wyoming,Asian and Pacific Islander,2018,0.02,Mountain
Wisconsin,Two or more races,2018,0.02,East North Central
Wisconsin,Non-Hispanic White,2018,0.04,East North Central
Wisconsin,Hispanic or Latino,2018,0.06,East North Central
Wisconsin,Black or African American,2018,0.02,East North Central
Wisconsin,Asian and Pacific Islander,2018,0.04,East North Central
Wisconsin,American Indian or Alaska Native,2018,0.14,East North Central
West Virginia,Two or more races,2018,0.01,South Atlantic
West Virginia,Non-Hispanic White,2018,0.04,South Atlantic
West Virginia,Hispanic or Latino,2018,0.02,South Atlantic
West Virginia,Black or African American,2018,0.02,South Atlantic
West Virginia,Asian and Pacific Islander,2018,0.02,South Atlantic
Washington,Two or more races,2018,0.02,Pacific
Washington,Non-Hispanic White,2018,0.02,Pacific
Washington,Hispanic or Latino,2018,0.04,Pacific
Washington,Black or African American,2018,0.02,Pacific
Washington,Asian and Pacific Islander,2018,0.03,Pacific
Washington,American Indian or Alaska Native,2018,0.09,Pacific
Virginia,Two or more races,2018,0.05,South Atlantic
Virginia,Non-Hispanic White,2018,0.03,South Atlantic
Virginia,Hispanic or Latino,2018,0.11,South Atlantic
Virginia,Black or African American,2018,0.05,South Atlantic
Virginia,Asian and Pacific Islander,2018,0.06,South Atlantic
Vermont,Non-Hispanic White,2018,0.01,New England
Utah,Two or more races,2018,0.03,Mountain
Utah,Non-Hispanic White,2018,0.05,Mountain
Utah,Hispanic or Latino,2018,0.19,Mountain
Utah,Asian and Pacific Islander,2018,0.07,Mountain
Texas,Two or more races,2018,0.07,West South Central
Texas,Non-Hispanic White,2018,0.08,West South Central
Texas,Hispanic or Latino,2018,0.15,West South Central
Texas,Black or African American,2018,0.07,West South Central
Texas,Asian and Pacific Islander,2018,0.06,West South Central
Tennessee,Two or more races,2018,0.03,East South Central
Tennessee,Non-Hispanic White,2018,0.04,East South Central
Tennessee,Hispanic or Latino,2018,0.12,East South Central
Tennessee,Black or African American,2018,0.05,East South Central
Tennessee,Asian and Pacific Islander,2018,0.05,East South Central
South Dakota,Two or more races,2018,0.06,West North Central
South Dakota,Non-Hispanic White,2018,0.04,West North Central
South Dakota,Black or African American,2018,0.04,West North Central
South Dakota,American Indian or Alaska Native,2018,0.15,West North Central
South Carolina,Two or more races,2018,0.04,South Atlantic
South Carolina,Non-Hispanic White,2018,0.04,South Atlantic
South Carolina,Hispanic or Latino,2018,0.11,South Atlantic
South Carolina,Black or African American,2018,0.04,South Atlantic
South Carolina,Asian and Pacific Islander,2018,0.07,South Atlantic
Rhode Island,Non-Hispanic White,2018,0.02,New England
Rhode Island,Hispanic or Latino,2018,0.02,New England
Rhode Island,Black or African American,2018,0.01,New England
Pennsylvania,Two or more races,2018,0.02,Middle Atlantic
Pennsylvania,Non-Hispanic White,2018,0.05,Middle Atlantic
Pennsylvania,Hispanic or Latino,2018,0.05,Middle Atlantic
Pennsylvania,Black or African American,2018,0.03,Middle Atlantic
Pennsylvania,Asian and Pacific Islander,2018,0.03,Middle Atlantic
Oregon,Two or more races,2018,0.04,Pacific
Oregon,Non-Hispanic White,2018,0.03,Pacific
Oregon,Hispanic or Latino,2018,0.05,Pacific
Oregon,Black or African American,2018,0.01,Pacific
Oregon,Asian and Pacific Islander,2018,0.03,Pacific
Oregon,American Indian or Alaska Native,2018,0.08,Pacific
Oklahoma,Two or more races,2018,0.11,West South Central
Oklahoma,Non-Hispanic White,2018,0.05,West South Central
Oklahoma,Hispanic or Latino,2018,0.1,West South Central
Oklahoma,Black or African American,2018,0.07,West South Central
Oklahoma,Asian and Pacific Islander,2018,0.07,West South Central
Oklahoma,American Indian or Alaska Native,2018,0.19,West South Central
Ohio,Two or more races,2018,0.04,East North Central
Ohio,Non-Hispanic White,2018,0.05,East North Central
Ohio,Hispanic or Latino,2018,0.07,East North Central
Ohio,Black or African American,2018,0.04,East North Central
Ohio,Asian and Pacific Islander,2018,0.06,East North Central
Ohio,American Indian or Alaska Native,2018,0.01,East North Central
North Dakota,Two or more races,2018,0.05,West North Central
North Dakota,Non-Hispanic White,2018,0.05,West North Central
North Dakota,Hispanic or Latino,2018,0.05,West North Central
North Dakota,Black or African American,2018,0.01,West North Central
North Dakota,Asian and Pacific Islander,2018,0.04,West North Central
North Carolina,Two or more races,2018,0.04,South Atlantic
North Carolina,Non-Hispanic White,2018,0.04,South Atlantic
North Carolina,Hispanic or Latino,2018,0.11,South Atlantic
North Carolina,Black or African American,2018,0.04,South Atlantic
North Carolina,Asian and Pacific Islander,2018,0.05,South Atlantic
North Carolina,American Indian or Alaska Native,2018,0.08,South Atlantic
New York,Two or more races,2018,0.03,Middle Atlantic
New York,Non-Hispanic White,2018,0.02,Middle Atlantic
New York,Hispanic or Latino,2018,0.03,Middle Atlantic
New York,Black or African American,2018,0.02,Middle Atlantic
New York,Asian and Pacific Islander,2018,0.03,Middle Atlantic
New York,American Indian or Alaska Native,2018,0.08,Middle Atlantic
New Mexico,Two or more races,2018,0.03,Mountain
New Mexico,Non-Hispanic White,2018,0.03,Mountain
New Mexico,Hispanic or Latino,2018,0.05,Mountain
New Mexico,Asian and Pacific Islander,2018,0.04,Mountain
New Mexico,American Indian or Alaska Native,2018,0.09,Mountain
New Jersey,Two or more races,2018,0.02,Middle Atlantic
New Jersey,Non-Hispanic White,2018,0.02,Middle Atlantic
New Jersey,Hispanic or Latino,2018,0.06,Middle Atlantic
New Jersey,Black or African American,2018,0.05,Middle Atlantic
New Jersey,Asian and Pacific Islander,2018,0.03,Middle Atlantic
New Jersey,American Indian or Alaska Native,2018,0.04,Middle Atlantic
New Hampshire,Two or more races,2018,0.05,New England
New Hampshire,Non-Hispanic White,2018,0.02,New England
New Hampshire,Hispanic or Latino,2018,0.06,New England
New Hampshire,Asian and Pacific Islander,2018,0.03,New England
Nevada,Two or more races,2018,0.05,Mountain
Nevada,Non-Hispanic White,2018,0.06,Mountain
Nevada,Hispanic or Latino,2018,0.11,Mountain
Nevada,Black or African American,2018,0.05,Mountain
Nevada,Asian and Pacific Islander,2018,0.06,Mountain
Nebraska,Two or more races,2018,0.06,West North Central
Nebraska,Non-Hispanic White,2018,0.04,West North Central
Nebraska,Hispanic or Latino,2018,0.1,West North Central
Nebraska,Black or African American,2018,0.05,West North Central
Nebraska,Asian and Pacific Islander,2018,0.07,West North Central
Montana,Two or more races,2018,0.03,Mountain
Montana,Non-Hispanic White,2018,0.05,Mountain
Montana,Hispanic or Latino,2018,0.05,Mountain
Montana,American Indian or Alaska Native,2018,0.17,Mountain
Missouri,Two or more races,2018,0.04,West North Central
Missouri,Non-Hispanic White,2018,0.06,West North Central
Missouri,Hispanic or Latino,2018,0.1,West North Central
Missouri,Black or African American,2018,0.05,West North Central
Missouri,Asian and Pacific Islander,2018,0.03,West North Central
Mississippi,Two or more races,2018,0.04,East South Central
Mississippi,Non-Hispanic White,2018,0.05,East South Central
Mississippi,Hispanic or Latino,2018,0.14,East South Central
Mississippi,Black or African American,2018,0.04,East South Central
Mississippi,American Indian or Alaska Native,2018,0.05,East South Central
Minnesota,Two or more races,2018,0.03,West North Central
Minnesota,Non-Hispanic White,2018,0.03,West North Central
Minnesota,Hispanic or Latino,2018,0.08,West North Central
Minnesota,Black or African American,2018,0.02,West North Central
Minnesota,Asian and Pacific Islander,2018,0.03,West North Central
Minnesota,American Indian or Alaska Native,2018,0.13,West North Central
Michigan,Two or more races,2018,0.02,East North Central
Michigan,Non-Hispanic White,2018,0.03,East North Central
Michigan,Hispanic or Latino,2018,0.06,East North Central
Michigan,Black or African American,2018,0.03,East North Central
Michigan,Asian and Pacific Islander,2018,0.02,East North Central
Michigan,American Indian or Alaska Native,2018,0.12,East North Central
Massachusetts,Two or more races,2018,0.01,New England
Massachusetts,Non-Hispanic White,2018,0.01,New England
Massachusetts,Hispanic or Latino,2018,0.02,New England
Massachusetts,Asian and Pacific Islander,2018,0.02,New England
Maryland,Two or more races,2018,0.01,South Atlantic
Maryland,Non-Hispanic White,2018,0.02,South Atlantic
Maryland,Hispanic or Latino,2018,0.09,South Atlantic
Maryland,Black or African American,2018,0.03,South Atlantic
Maryland,Asian and Pacific Islander,2018,0.02,South Atlantic
Maine,Two or more races,2018,0.09,New England
Maine,Non-Hispanic White,2018,0.05,New England
Maine,Black or African American,2018,0.01,New England
Maine,Asian and Pacific Islander,2018,0.02,New England
Louisiana,Two or more races,2018,0.02,West South Central
Louisiana,Non-Hispanic White,2018,0.03,West South Central
Louisiana,Hispanic or Latino,2018,0.14,West South Central
Louisiana,Black or African American,2018,0.02,West South Central
Louisiana,Asian and Pacific Islander,2018,0.08,West South Central
Kentucky,Two or more races,2018,0.02,East South Central
Kentucky,Non-Hispanic White,2018,0.04,East South Central
Kentucky,Hispanic or Latino,2018,0.09,East South Central
Kentucky,Black or African American,2018,0.03,East South Central
Kentucky,Asian and Pacific Islander,2018,0.04,East South Central
Kentucky,American Indian or Alaska Native,2018,0.03,East South Central
Kansas,Two or more races,2018,0.03,West North Central
Kansas,Non-Hispanic White,2018,0.04,West North Central
Kansas,Hispanic or Latino,2018,0.1,West North Central
Kansas,Black or African American,2018,0.06,West North Central
Kansas,Asian and Pacific Islander,2018,0.02,West North Central
Iowa,Two or more races,2018,0.01,West North Central
Iowa,Non-Hispanic White,2018,0.03,West North Central
Iowa,Hispanic or Latino,2018,0.04,West North Central
Iowa,Black or African American,2018,0.04,West North Central
Iowa,Asian and Pacific Islander,2018,0.02,West North Central
Indiana,Two or more races,2018,0.05,East North Central
Indiana,Non-Hispanic White,2018,0.06,East North Central
Indiana,Hispanic or Latino,2018,0.1,East North Central
Indiana,Black or African American,2018,0.06,East North Central
Indiana,Asian and Pacific Islander,2018,0.1,East North Central
Illinois,Two or more races,2018,0.02,East North Central
Illinois,Non-Hispanic White,2018,0.03,East North Central
Illinois,Hispanic or Latino,2018,0.05,East North Central
Illinois,Black or African American,2018,0.04,East North Central
Illinois,Asian and Pacific Islander,2018,0.05,East North Central
Illinois,American Indian or Alaska Native,2018,0.04,East North Central
Idaho,Two or more races,2018,0.01,Mountain
Idaho,Non-Hispanic White,2018,0.06,Mountain
Idaho,Hispanic or Latino,2018,0.08,Mountain
Idaho,Asian and Pacific Islander,2018,0.02,Mountain
Idaho,American Indian or Alaska Native,2018,0.09,Mountain
Hawaii,Two or more races,2018,0.03,Pacific
Hawaii,Non-Hispanic White,2018,0.03,Pacific
Hawaii,Hispanic or Latino,2018,0.06,Pacific
Hawaii,Black or African American,2018,0.01,Pacific
Hawaii,Asian and Pacific Islander,2018,0.02,Pacific
Georgia,Two or more races,2018,0.06,South Atlantic
Georgia,Non-Hispanic White,2018,0.07,South Atlantic
Georgia,Hispanic or Latino,2018,0.18,South Atlantic
Georgia,Black or African American,2018,0.06,South Atlantic
Georgia,Asian and Pacific Islander,2018,0.09,South Atlantic
Georgia,American Indian or Alaska Native,2018,0.1,South Atlantic
Florida,Two or more races,2018,0.08,South Atlantic
Florida,Non-Hispanic White,2018,0.06,South Atlantic
Florida,Hispanic or Latino,2018,0.09,South Atlantic
Florida,Black or African American,2018,0.07,South Atlantic
Florida,Asian and Pacific Islander,2018,0.08,South Atlantic
Delaware,Two or more races,2018,0.02,South Atlantic
Delaware,Non-Hispanic White,2018,0.03,South Atlantic
Delaware,Hispanic or Latino,2018,0.07,South Atlantic
Delaware,Black or African American,2018,0.03,South Atlantic
Delaware,Asian and Pacific Islander,2018,0.01,South Atlantic
Connecticut,Two or more races,2018,0.02,New England
Connecticut,Non-Hispanic White,2018,0.02,New England
Connecticut,Hispanic or Latino,2018,0.03,New England
Connecticut,Black or African American,2018,0.03,New England
Connecticut,Asian and Pacific Islander,2018,0.03,New England
Connecticut,American Indian or Alaska Native,2018,0.01,New England
Colorado,Two or more races,2018,0.04,Mountain
Colorado,Non-Hispanic White,2018,0.04,Mountain
Colorado,Hispanic or Latino,2018,0.07,Mountain
Colorado,Black or African American,2018,0.05,Mountain
Colorado,Asian and Pacific Islander,2018,0.03,Mountain
Colorado,American Indian or Alaska Native,2018,0.09,Mountain
California,Two or more races,2018,0.02,Pacific
California,Non-Hispanic White,2018,0.02,Pacific
California,Hispanic or Latino,2018,0.04,Pacific
California,Black or African American,2018,0.02,Pacific
California,Asian and Pacific Islander,2018,0.02,Pacific
California,American Indian or Alaska Native,2018,0.08,Pacific
Arkansas,Two or more races,2018,0.05,West South Central
Arkansas,Non-Hispanic White,2018,0.03,West South Central
Arkansas,Hispanic or Latino,2018,0.13,West South Central
Arkansas,Black or African American,2018,0.03,West South Central
Arkansas,Asian and Pacific Islander,2018,0.07,West South Central
Arizona,Two or more races,2018,0.05,Mountain
Arizona,Non-Hispanic White,2018,0.05,Mountain
Arizona,Hispanic or Latino,2018,0.11,Mountain
Arizona,Black or African American,2018,0.07,Mountain
Arizona,Asian and Pacific Islander,2018,0.04,Mountain
Arizona,American Indian or Alaska Native,2018,0.18,Mountain
Alaska,Non-Hispanic White,2018,0.07,Pacific
Alaska,Hispanic or Latino,2018,0.11,Pacific
Alaska,Asian and Pacific Islander,2018,0.07,Pacific
Alaska,American Indian or Alaska Native,2018,0.15,Pacific
Alabama,Two or more races,2018,0.06,East South Central
Alabama,Non-Hispanic White,2018,0.03,East South Central
Alabama,Hispanic or Latino,2018,0.09,East South Central
Alabama,Black or African American,2018,0.04,East South Central
Alabama,Asian and Pacific Islander,2018,0.06,East South Central
Alabama,American Indian or Alaska Native,2018,0.01,East South Central
Alabama,Two or more races,2017,0.04,East South Central
Alabama,Non-Hispanic White,2017,0.03,East South Central
Alabama,Hispanic or Latino,2017,0.07,East South Central
Alabama,Black or African American,2017,0.03,East South Central
Alabama,Asian and Pacific Islander,2017,0.04,East South Central
Alabama,American Indian or Alaska Native,2017,0.03,East South Central
Alaska,Two or more races,2017,0.13,Pacific
Alaska,Non-Hispanic White,2017,0.05,Pacific
Arizona,Two or more races,2017,0.06,Mountain
Arizona,Non-Hispanic White,2017,0.05,Mountain
Arizona,Hispanic or Latino,2017,0.1,Mountain
Arizona,Black or African American,2017,0.07,Mountain
Arizona,Asian and Pacific Islander,2017,0.04,Mountain
Arizona,American Indian or Alaska Native,2017,0.15,Mountain
Arkansas,Two or more races,2017,0.05,West South Central
Arkansas,Non-Hispanic White,2017,0.03,West South Central
Arkansas,Hispanic or Latino,2017,0.09,West South Central
Arkansas,Black or African American,2017,0.04,West South Central
Arkansas,Asian and Pacific Islander,2017,0.07,West South Central
California,Two or more races,2017,0.02,Pacific
California,Non-Hispanic White,2017,0.02,Pacific
California,Hispanic or Latino,2017,0.04,Pacific
California,Black or African American,2017,0.03,Pacific
California,Asian and Pacific Islander,2017,0.03,Pacific
California,American Indian or Alaska Native,2017,0.08,Pacific
Colorado,Two or more races,2017,0.03,Mountain
Colorado,Non-Hispanic White,2017,0.03,Mountain
Colorado,Hispanic or Latino,2017,0.06,Mountain
Colorado,Black or African American,2017,0.02,Mountain
Colorado,Asian and Pacific Islander,2017,0.04,Mountain
Colorado,American Indian or Alaska Native,2017,0.14,Mountain
Connecticut,Two or more races,2017,0.02,New England
Connecticut,Non-Hispanic White,2017,0.02,New England
Connecticut,Hispanic or Latino,2017,0.05,New England
Connecticut,Black or African American,2017,0.05,New England
Connecticut,Asian and Pacific Islander,2017,0.02,New England
Connecticut,American Indian or Alaska Native,2017,0.02,New England
Delaware,Two or more races,2017,0.01,South Atlantic
Delaware,Non-Hispanic White,2017,0.03,South Atlantic
Delaware,Hispanic or Latino,2017,0.08,South Atlantic
Delaware,Black or African American,2017,0.03,South Atlantic
Delaware,Asian and Pacific Islander,2017,0.02,South Atlantic
Florida,Two or more races,2017,0.06,South Atlantic
Florida,Non-Hispanic White,2017,0.06,South Atlantic
Florida,Hispanic or Latino,2017,0.09,South Atlantic
Florida,Black or African American,2017,0.07,South Atlantic
Florida,Asian and Pacific Islander,2017,0.06,South Atlantic
Georgia,Two or more races,2017,0.08,South Atlantic
Georgia,Non-Hispanic White,2017,0.05,South Atlantic
Georgia,Hispanic or Latino,2017,0.16,South Atlantic
Georgia,Black or African American,2017,0.06,South Atlantic
Georgia,Asian and Pacific Islander,2017,0.11,South Atlantic
Hawaii,Two or more races,2017,0.02,Pacific
Hawaii,Non-Hispanic White,2017,0.02,Pacific
Hawaii,Hispanic or Latino,2017,0.01,Pacific
Hawaii,Asian and Pacific Islander,2017,0.02,Pacific
Idaho,Non-Hispanic White,2017,0.04,Mountain
Idaho,Hispanic or Latino,2017,0.06,Mountain
Idaho,Black or African American,2017,0.03,Mountain
Idaho,Asian and Pacific Islander,2017,0.04,Mountain
Illinois,Two or more races,2017,0.02,East North Central
Illinois,Non-Hispanic White,2017,0.02,East North Central
Illinois,Hispanic or Latino,2017,0.04,East North Central
Illinois,Black or African American,2017,0.03,East North Central
Illinois,Asian and Pacific Islander,2017,0.04,East North Central
Indiana,Two or more races,2017,0.05,East North Central
Indiana,Non-Hispanic White,2017,0.06,East North Central
Indiana,Hispanic or Latino,2017,0.1,East North Central
Indiana,Black or African American,2017,0.06,East North Central
Indiana,Asian and Pacific Islander,2017,0.03,East North Central
Illinois,American Indian or Alaska Native,2017,0.01,East North Central
Iowa,Two or more races,2017,0.05,West North Central
Iowa,Non-Hispanic White,2017,0.03,West North Central
Iowa,Hispanic or Latino,2017,0.05,West North Central
Iowa,Black or African American,2017,0.05,West North Central
Iowa,Asian and Pacific Islander,2017,0.02,West North Central
Kansas,Two or more races,2017,0.06,West North Central
Kansas,Non-Hispanic White,2017,0.04,West North Central
Kansas,Hispanic or Latino,2017,0.08,West North Central
Kansas,Black or African American,2017,0.06,West North Central
Kansas,Asian and Pacific Islander,2017,0.06,West North Central
Kentucky,Two or more races,2017,0.03,East South Central
Kentucky,Non-Hispanic White,2017,0.04,East South Central
Kentucky,Hispanic or Latino,2017,0.08,East South Central
Kentucky,Black or African American,2017,0.03,East South Central
Kentucky,Asian and Pacific Islander,2017,0.07,East South Central
Kentucky,American Indian or Alaska Native,2017,0.02,East South Central
Louisiana,Two or more races,2017,0.04,West South Central
Louisiana,Non-Hispanic White,2017,0.02,West South Central
Louisiana,Hispanic or Latino,2017,0.1,West South Central
Louisiana,Black or African American,2017,0.03,West South Central
Louisiana,Asian and Pacific Islander,2017,0.04,West South Central
Maine,Two or more races,2017,0.01,New England
Maine,Non-Hispanic White,2017,0.05,New England
Maine,Hispanic or Latino,2017,0.02,New England
Maine,Black or African American,2017,0.03,New England
Maryland,Two or more races,2017,0.01,South Atlantic
Maryland,Non-Hispanic White,2017,0.02,South Atlantic
Maryland,Hispanic or Latino,2017,0.09,South Atlantic
Maryland,Black or African American,2017,0.04,South Atlantic
Maryland,Asian and Pacific Islander,2017,0.04,South Atlantic
Massachusetts,Two or more races,2017,0.01,New England
Massachusetts,Non-Hispanic White,2017,0.01,New England
Massachusetts,Hispanic or Latino,2017,0.02,New England
Massachusetts,Black or African American,2017,0.03,New England
Massachusetts,Asian and Pacific Islander,2017,0.02,New England
Michigan,American Indian or Alaska Native,2017,0.03,East North Central
Massachusetts,American Indian or Alaska Native,2017,0.02,New England
Michigan,Two or more races,2017,0.02,East North Central
Michigan,Non-Hispanic White,2017,0.03,East North Central
Michigan,Hispanic or Latino,2017,0.04,East North Central
Michigan,Black or African American,2017,0.03,East North Central
Michigan,Asian and Pacific Islander,2017,0.02,East North Central
Minnesota,American Indian or Alaska Native,2017,0.19,West North Central
Minnesota,Two or more races,2017,0.04,West North Central
Minnesota,Non-Hispanic White,2017,0.03,West North Central
Minnesota,Hispanic or Latino,2017,0.09,West North Central
Minnesota,Black or African American,2017,0.04,West North Central
Minnesota,Asian and Pacific Islander,2017,0.02,West North Central
Mississippi,Non-Hispanic White,2017,0.06,East South Central
Mississippi,Hispanic or Latino,2017,0.12,East South Central
Mississippi,Black or African American,2017,0.03,East South Central
Missouri,Two or more races,2017,0.04,West North Central
Missouri,Non-Hispanic White,2017,0.04,West North Central
Missouri,Hispanic or Latino,2017,0.1,West North Central
Missouri,Black or African American,2017,0.06,West North Central
Missouri,Asian and Pacific Islander,2017,0.12,West North Central
Montana,American Indian or Alaska Native,2017,0.21,Mountain
Montana,Two or more races,2017,0.02,Mountain
Montana,Non-Hispanic White,2017,0.04,Mountain
Montana,Hispanic or Latino,2017,0.05,Mountain
Montana,Black or African American,2017,0.02,Mountain
Nebraska,Two or more races,2017,0.03,West North Central
Nebraska,Non-Hispanic White,2017,0.04,West North Central
Nebraska,Hispanic or Latino,2017,0.1,West North Central
Nebraska,Asian and Pacific Islander,2017,0.06,West North Central
Nevada,Two or more races,2017,0.05,Mountain
Nevada,Non-Hispanic White,2017,0.05,Mountain
Nevada,Hispanic or Latino,2017,0.11,Mountain
Nevada,Black or African American,2017,0.06,Mountain
Nevada,Asian and Pacific Islander,2017,0.09,Mountain
New Hampshire,Two or more races,2017,0.01,New England
New Hampshire,Non-Hispanic White,2017,0.02,New England
New Hampshire,Hispanic or Latino,2017,0.02,New England
New Hampshire,Asian and Pacific Islander,2017,0.02,New England
New Jersey,Two or more races,2017,0.03,Middle Atlantic
New Jersey,Non-Hispanic White,2017,0.02,Middle Atlantic
New Jersey,Hispanic or Latino,2017,0.06,Middle Atlantic
New Jersey,Black or African American,2017,0.05,Middle Atlantic
New Jersey,Asian and Pacific Islander,2017,0.03,Middle Atlantic
New Mexico,Two or more races,2017,0.05,Mountain
New Mexico,Non-Hispanic White,2017,0.04,Mountain
New Mexico,Hispanic or Latino,2017,0.04,Mountain
New Mexico,Asian and Pacific Islander,2017,0.01,Mountain
New Mexico,American Indian or Alaska Native,2017,0.12,Mountain
New York,Two or more races,2017,0.02,Middle Atlantic
New York,Non-Hispanic White,2017,0.03,Middle Atlantic
New York,Hispanic or Latino,2017,0.03,Middle Atlantic
New York,Black or African American,2017,0.02,Middle Atlantic
New York,Asian and Pacific Islander,2017,0.03,Middle Atlantic
New York,American Indian or Alaska Native,2017,0.03,Middle Atlantic
North Carolina,American Indian or Alaska Native,2017,0.09,South Atlantic
North Carolina,Two or more races,2017,0.03,South Atlantic
North Carolina,Non-Hispanic White,2017,0.03,South Atlantic
North Carolina,Hispanic or Latino,2017,0.11,South Atlantic
North Carolina,Black or African American,2017,0.04,South Atlantic
North Carolina,Asian and Pacific Islander,2017,0.06,South Atlantic
North Dakota,Two or more races,2017,0.06,West North Central
North Dakota,Non-Hispanic White,2017,0.06,West North Central
North Dakota,Asian and Pacific Islander,2017,0.01,West North Central
North Dakota,American Indian or Alaska Native,2017,0.21,West North Central
Ohio,Two or more races,2017,0.03,East North Central
Ohio,Non-Hispanic White,2017,0.05,East North Central
Ohio,Hispanic or Latino,2017,0.06,East North Central
Ohio,Black or African American,2017,0.04,East North Central
Ohio,Asian and Pacific Islander,2017,0.04,East North Central
Oklahoma,Two or more races,2017,0.11,West South Central
Oklahoma,Non-Hispanic White,2017,0.06,West South Central
Oklahoma,Hispanic or Latino,2017,0.09,West South Central
Oklahoma,Black or African American,2017,0.05,West South Central
Oklahoma,Asian and Pacific Islander,2017,0.09,West South Central
Oklahoma,American Indian or Alaska Native,2017,0.19,West South Central
Oregon,Two or more races,2017,0.05,Pacific
Oregon,Non-Hispanic White,2017,0.03,Pacific
Oregon,Hispanic or Latino,2017,0.05,Pacific
Oregon,Black or African American,2017,0.03,Pacific
Oregon,Asian and Pacific Islander,2017,0.02,Pacific
Oregon,American Indian or Alaska Native,2017,0.05,Pacific
Pennsylvania,Two or more races,2017,0.02,Middle Atlantic
Pennsylvania,Non-Hispanic White,2017,0.05,Middle Atlantic
Pennsylvania,Hispanic or Latino,2017,0.05,Middle Atlantic
Pennsylvania,Black or African American,2017,0.04,Middle Atlantic
Pennsylvania,Asian and Pacific Islander,2017,0.04,Middle Atlantic
Pennsylvania,American Indian or Alaska Native,2017,0.04,Middle Atlantic
Rhode Island,Two or more races,2017,0.02,New England
Rhode Island,Non-Hispanic White,2017,0.01,New England
Rhode Island,Hispanic or Latino,2017,0.04,New England
Rhode Island,Black or African American,2017,0.02,New England
Rhode Island,Asian and Pacific Islander,2017,0.04,New England
South Carolina,Two or more races,2017,0.04,South Atlantic
South Carolina,Non-Hispanic White,2017,0.04,South Atlantic
South Carolina,Hispanic or Latino,2017,0.12,South Atlantic
South Carolina,Black or African American,2017,0.05,South Atlantic
South Carolina,Asian and Pacific Islander,2017,0.1,South Atlantic
South Dakota,Non-Hispanic White,2017,0.04,West North Central
South Dakota,Black or African American,2017,0.01,West North Central
South Dakota,American Indian or Alaska Native,2017,0.17,West North Central
Tennessee,Two or more races,2017,0.03,East South Central
Tennessee,Non-Hispanic White,2017,0.03,East South Central
Tennessee,Hispanic or Latino,2017,0.12,East South Central
Tennessee,Black or African American,2017,0.05,East South Central
Tennessee,Asian and Pacific Islander,2017,0.05,East South Central
Tennessee,American Indian or Alaska Native,2017,0.03,East South Central
Texas,Two or more races,2017,0.06,West South Central
Texas,Non-Hispanic White,2017,0.07,West South Central
Texas,Hispanic or Latino,2017,0.14,West South Central
Texas,Black or African American,2017,0.08,West South Central
Texas,Asian and Pacific Islander,2017,0.06,West South Central
Texas,American Indian or Alaska Native,2017,0.15,West South Central
Utah,Two or more races,2017,0.06,Mountain
Utah,Non-Hispanic White,2017,0.05,Mountain
Utah,Hispanic or Latino,2017,0.18,Mountain
Utah,Black or African American,2017,0.05,Mountain
Vermont,Two or more races,2017,0.01,New England
Vermont,Non-Hispanic White,2017,0.02,New England
Virginia,Two or more races,2017,0.03,South Atlantic
Virginia,Non-Hispanic White,2017,0.04,South Atlantic
Virginia,Hispanic or Latino,2017,0.12,South Atlantic
Virginia,Black or African American,2017,0.05,South Atlantic
Virginia,Asian and Pacific Islander,2017,0.05,South Atlantic
Virginia,American Indian or Alaska Native,2017,0.01,South Atlantic
Washington,Two or more races,2017,0.03,Pacific
Washington,Non-Hispanic White,2017,0.02,Pacific
Washington,Hispanic or Latino,2017,0.03,Pacific
Washington,Black or African American,2017,0.03,Pacific
Washington,Asian and Pacific Islander,2017,0.03,Pacific
Washington,American Indian or Alaska Native,2017,0.06,Pacific
West Virginia,Two or more races,2017,0.01,South Atlantic
West Virginia,Non-Hispanic White,2017,0.03,South Atlantic
West Virginia,Hispanic or Latino,2017,0.03,South Atlantic
West Virginia,Black or African American,2017,0.03,South Atlantic
Wisconsin,Two or more races,2017,0.03,East North Central
Wisconsin,Non-Hispanic White,2017,0.04,East North Central
Wisconsin,Hispanic or Latino,2017,0.05,East North Central
Wisconsin,Black or African American,2017,0.02,East North Central
Wisconsin,Asian and Pacific Islander,2017,0.04,East North Central
Wyoming,Two or more races,2017,0.03,Mountain
Wyoming,Non-Hispanic White,2017,0.07,Mountain
Wyoming,Asian and Pacific Islander,2017,0.01,Mountain
Wyoming,Non-Hispanic White,2022,0.07,Mountain
Wyoming,Two or more races,2022,0.09,Mountain
Wisconsin,Asian and Pacific Islander,2022,0.04,East North Central
Wisconsin,Black or African American,2022,0.03,East North Central
Wisconsin,Hispanic or Latino,2022,0.09,East North Central
Wisconsin,Non-Hispanic White,2022,0.04,East North Central
Wisconsin,Two or more races,2022,0.06,East North Central
West Virginia,Black or African American,2022,0.03,South Atlantic
West Virginia,Non-Hispanic White,2022,0.03,South Atlantic
West Virginia,Two or more races,2022,0.04,South Atlantic
Washington,American Indian or Alaska Native,2022,0.1,Pacific
Washington,Asian and Pacific Islander,2022,0.04,Pacific
Washington,Black or African American,2022,0.01,Pacific
Washington,Hispanic or Latino,2022,0.04,Pacific
Washington,Non-Hispanic White,2022,0.02,Pacific
Washington,Two or more races,2022,0.03,Pacific
Virginia,Asian and Pacific Islander,2022,0.04,South Atlantic
Virginia,Black or African American,2022,0.03,South Atlantic
Virginia,Hispanic or Latino,2022,0.1,South Atlantic
Virginia,Non-Hispanic White,2022,0.03,South Atlantic
Virginia,Two or more races,2022,0.05,South Atlantic
Vermont,Black or African American,2022,0.01,New England
Vermont,Hispanic or Latino,2022,0.03,New England
Vermont,Non-Hispanic White,2022,0.02,New England
Vermont,Two or more races,2022,0.02,New England
Utah,Black or African American,2022,0.05,Mountain
Utah,Hispanic or Latino,2022,0.14,Mountain
Utah,Non-Hispanic White,2022,0.04,Mountain
Utah,Two or more races,2022,0.06,Mountain
Texas,Asian and Pacific Islander,2022,0.07,West South Central
Texas,Black or African American,2022,0.08,West South Central
Texas,Hispanic or Latino,2022,0.15,West South Central
Texas,Non-Hispanic White,2022,0.07,West South Central
Texas,Two or more races,2022,0.13,West South Central
South Dakota,American Indian or Alaska Native,2022,0.13,West North Central
South Dakota,Black or African American,2022,0.02,West North Central
South Dakota,Hispanic or Latino,2022,0.03,West North Central
South Dakota,Non-Hispanic White,2022,0.06,West North Central
South Dakota,Two or more races,2022,0.06,West North Central
Tennessee,American Indian or Alaska Native,2022,0.03,East South Central
Tennessee,Asian and Pacific Islander,2022,0.06,East South Central
Tennessee,Black or African American,2022,0.03,East South Central
Tennessee,Hispanic or Latino,2022,0.13,East South Central
Tennessee,Non-Hispanic White,2022,0.04,East South Central
Tennessee,Two or more races,2022,0.1,East South Central
South Carolina,American Indian or Alaska Native,2022,0.01,South Atlantic
South Carolina,Asian and Pacific Islander,2022,0.04,South Atlantic
South Carolina,Black or African American,2022,0.04,South Atlantic
South Carolina,Hispanic or Latino,2022,0.12,South Atlantic
South Carolina,Non-Hispanic White,2022,0.04,South Atlantic
South Carolina,Two or more races,2022,0.06,South Atlantic
Rhode Island,Black or African American,2022,0.04,New England
Rhode Island,Hispanic or Latino,2022,0.02,New England
Rhode Island,Non-Hispanic White,2022,0.01,New England
Rhode Island,Two or more races,2022,0.03,New England
Pennsylvania,American Indian or Alaska Native,2022,0.06,Middle Atlantic
Pennsylvania,Asian and Pacific Islander,2022,0.04,Middle Atlantic
Pennsylvania,Black or African American,2022,0.04,Middle Atlantic
Pennsylvania,Hispanic or Latino,2022,0.05,Middle Atlantic
Pennsylvania,Non-Hispanic White,2022,0.06,Middle Atlantic
Pennsylvania,Two or more races,2022,0.04,Middle Atlantic
Oregon,American Indian or Alaska Native,2022,0.05,Pacific
Oregon,Asian and Pacific Islander,2022,0.02,Pacific
Oregon,Hispanic or Latino,2022,0.04,Pacific
Oregon,Non-Hispanic White,2022,0.03,Pacific
Oregon,Two or more races,2022,0.02,Pacific
Oklahoma,American Indian or Alaska Native,2022,0.14,West South Central
Oklahoma,Asian and Pacific Islander,2022,0.07,West South Central
Oklahoma,Black or African American,2022,0.04,West South Central
Oklahoma,Hispanic or Latino,2022,0.1,West South Central
Oklahoma,Non-Hispanic White,2022,0.05,West South Central
Oklahoma,Two or more races,2022,0.09,West South Central
Ohio,Asian and Pacific Islander,2022,0.05,East North Central
Ohio,Black or African American,2022,0.03,East North Central
Ohio,Hispanic or Latino,2022,0.07,East North Central
Ohio,Non-Hispanic White,2022,0.05,East North Central
Ohio,Two or more races,2022,0.04,East North Central
North Dakota,Asian and Pacific Islander,2022,0.02,West North Central
North Dakota,Non-Hispanic White,2022,0.03,West North Central
North Carolina,American Indian or Alaska Native,2022,0.08,South Atlantic
North Carolina,Asian and Pacific Islander,2022,0.03,South Atlantic
North Carolina,Black or African American,2022,0.04,South Atlantic
North Carolina,Hispanic or Latino,2022,0.12,South Atlantic
North Carolina,Non-Hispanic White,2022,0.03,South Atlantic
North Carolina,Two or more races,2022,0.06,South Atlantic
New York,American Indian or Alaska Native,2022,0.06,Middle Atlantic
New York,Asian and Pacific Islander,2022,0.02,Middle Atlantic
New York,Black or African American,2022,0.02,Middle Atlantic
New York,Hispanic or Latino,2022,0.03,Middle Atlantic
New York,Non-Hispanic White,2022,0.03,Middle Atlantic
New York,Two or more races,2022,0.03,Middle Atlantic
New Mexico,American Indian or Alaska Native,2022,0.06,Mountain
New Mexico,Hispanic or Latino,2022,0.03,Mountain
New Mexico,Non-Hispanic White,2022,0.05,Mountain
New Mexico,Two or more races,2022,0.04,Mountain
New Jersey,American Indian or Alaska Native,2022,0.02,Middle Atlantic
New Jersey,Asian and Pacific Islander,2022,0.02,Middle Atlantic
New Jersey,Black or African American,2022,0.04,Middle Atlantic
New Jersey,Hispanic or Latino,2022,0.08,Middle Atlantic
New Jersey,Non-Hispanic White,2022,0.02,Middle Atlantic
New Jersey,Two or more races,2022,0.04,Middle Atlantic
New Hampshire,Asian and Pacific Islander,2022,0.02,New England
New Hampshire,Hispanic or Latino,2022,0.08,New England
New Hampshire,Non-Hispanic White,2022,0.03,New England
New Hampshire,Two or more races,2022,0.04,New England
Nevada,Asian and Pacific Islander,2022,0.05,Mountain
Nevada,Black or African American,2022,0.04,Mountain
Nevada,Hispanic or Latino,2022,0.1,Mountain
Nevada,Non-Hispanic White,2022,0.06,Mountain
Nevada,Two or more races,2022,0.08,Mountain
Nebraska,Asian and Pacific Islander,2022,0.02,West North Central
Nebraska,Black or African American,2022,0.06,West North Central
Nebraska,Hispanic or Latino,2022,0.09,West North Central
Nebraska,Non-Hispanic White,2022,0.03,West North Central
Nebraska,Two or more races,2022,0.04,West North Central
Montana,Hispanic or Latino,2022,0.04,Mountain
Montana,Non-Hispanic White,2022,0.06,Mountain
Montana,Two or more races,2022,0.09,Mountain
Missouri,Asian and Pacific Islander,2022,0.04,West North Central
Missouri,Black or African American,2022,0.06,West North Central
Missouri,Hispanic or Latino,2022,0.08,West North Central
Missouri,Non-Hispanic White,2022,0.06,West North Central
Missouri,Two or more races,2022,0.06,West North Central
Mississippi,Black or African American,2022,0.04,East South Central
Mississippi,Hispanic or Latino,2022,0.1,East South Central
Mississippi,Non-Hispanic White,2022,0.06,East South Central
Mississippi,Two or more races,2022,0.07,East South Central
Minnesota,American Indian or Alaska Native,2022,0.1,West North Central
Minnesota,Asian and Pacific Islander,2022,0.05,West North Central
Minnesota,Black or African American,2022,0.03,West North Central
Minnesota,Hispanic or Latino,2022,0.09,West North Central
Minnesota,Non-Hispanic White,2022,0.02,West North Central
Minnesota,Two or more races,2022,0.03,West North Central
Michigan,American Indian or Alaska Native,2022,0.04,East North Central
Michigan,Asian and Pacific Islander,2022,0.02,East North Central
Michigan,Black or African American,2022,0.02,East North Central
Michigan,Hispanic or Latino,2022,0.05,East North Central
Michigan,Non-Hispanic White,2022,0.03,East North Central
Michigan,Two or more races,2022,0.03,East North Central
Maryland,American Indian or Alaska Native,2022,0.05,South Atlantic
Maryland,Asian and Pacific Islander,2022,0.02,South Atlantic
Maryland,Black or African American,2022,0.03,South Atlantic
Maryland,Hispanic or Latino,2022,0.11,South Atlantic
Maryland,Non-Hispanic White,2022,0.03,South Atlantic
Maryland,Two or more races,2022,0.04,South Atlantic
Massachusetts,Asian and Pacific Islander,2022,0.01,New England
Massachusetts,Black or African American,2022,0.02,New England
Massachusetts,Hispanic or Latino,2022,0.02,New England
Massachusetts,Non-Hispanic White,2022,0.01,New England
Massachusetts,Two or more races,2022,0.02,New England
Maine,Black or African American,2022,0.04,New England
Maine,Hispanic or Latino,2022,0.01,New England
Maine,Non-Hispanic White,2022,0.05,New England
Maine,Two or more races,2022,0.03,New England
Louisiana,American Indian or Alaska Native,2022,0.04,West South Central
Louisiana,Black or African American,2022,0.02,West South Central
Louisiana,Hispanic or Latino,2022,0.14,West South Central
Louisiana,Non-Hispanic White,2022,0.03,West South Central
Louisiana,Two or more races,2022,0.07,West South Central
Kansas,Black or African American,2022,0.05,West North Central
Kansas,Hispanic or Latino,2022,0.09,West North Central
Kansas,Non-Hispanic White,2022,0.04,West North Central
Kansas,Two or more races,2022,0.06,West North Central
Kentucky,Asian and Pacific Islander,2022,0.04,East South Central
Kentucky,Black or African American,2022,0.03,East South Central
Kentucky,Hispanic or Latino,2022,0.08,East South Central
Kentucky,Non-Hispanic White,2022,0.04,East South Central
Kentucky,Two or more races,2022,0.04,East South Central
Iowa,American Indian or Alaska Native,2022,0.02,West North Central
Iowa,Asian and Pacific Islander,2022,0.05,West North Central
Iowa,Black or African American,2022,0.03,West North Central
Iowa,Hispanic or Latino,2022,0.05,West North Central
Iowa,Non-Hispanic White,2022,0.03,West North Central
Iowa,Two or more races,2022,0.04,West North Central
Indiana,American Indian or Alaska Native,2022,0.04,East North Central
Indiana,Black or African American,2022,0.04,East North Central
Indiana,Hispanic or Latino,2022,0.07,East North Central
Indiana,Non-Hispanic White,2022,0.05,East North Central
Indiana,Two or more races,2022,0.04,East North Central
Illinois,Asian and Pacific Islander,2022,0.05,East North Central
Illinois,Black or African American,2022,0.03,East North Central
Illinois,Hispanic or Latino,2022,0.05,East North Central
Illinois,Non-Hispanic White,2022,0.03,East North Central
Illinois,Two or more races,2022,0.04,East North Central
Idaho,American Indian or Alaska Native,2022,0.11,Mountain
Idaho,Asian and Pacific Islander,2022,0.05,Mountain
Idaho,Black or African American,2022,0.01,Mountain
Idaho,Hispanic or Latino,2022,0.09,Mountain
Idaho,Non-Hispanic White,2022,0.05,Mountain
Idaho,Two or more races,2022,0.05,Mountain
Hawaii,Asian and Pacific Islander,2022,0.04,Pacific
Hawaii,Hispanic or Latino,2022,0.03,Pacific
Hawaii,Non-Hispanic White,2022,0.03,Pacific
Hawaii,Two or more races,2022,0.03,Pacific
Georgia,Asian and Pacific Islander,2022,0.06,South Atlantic
Georgia,Black or African American,2022,0.06,South Atlantic
Georgia,Hispanic or Latino,2022,0.12,South Atlantic
Georgia,Non-Hispanic White,2022,0.05,South Atlantic
Georgia,Two or more races,2022,0.06,South Atlantic
Florida,Asian and Pacific Islander,2022,0.05,South Atlantic
Florida,Black or African American,2022,0.07,South Atlantic
Florida,Hispanic or Latino,2022,0.09,South Atlantic
Florida,Non-Hispanic White,2022,0.06,South Atlantic
Florida,Two or more races,2022,0.08,South Atlantic
Delaware,Asian and Pacific Islander,2022,0.02,South Atlantic
Delaware,Black or African American,2022,0.03,South Atlantic
Delaware,Hispanic or Latino,2022,0.09,South Atlantic
Delaware,Non-Hispanic White,2022,0.02,South Atlantic
Delaware,Two or more races,2022,0.05,South Atlantic
Connecticut,Asian and Pacific Islander,2022,0.04,New England
Connecticut,Black or African American,2022,0.05,New England
Connecticut,Hispanic or Latino,2022,0.04,New England
Connecticut,Non-Hispanic White,2022,0.02,New England
Connecticut,Two or more races,2022,0.03,New England
Colorado,American Indian or Alaska Native,2022,0.07,Mountain
Colorado,Asian and Pacific Islander,2022,0.05,Mountain
Colorado,Black or African American,2022,0.05,Mountain
Colorado,Hispanic or Latino,2022,0.07,Mountain
Colorado,Non-Hispanic White,2022,0.03,Mountain
Colorado,Two or more races,2022,0.06,Mountain
California,American Indian or Alaska Native,2022,0.05,Pacific
California,Asian and Pacific Islander,2022,0.02,Pacific
California,Black or African American,2022,0.03,Pacific
California,Hispanic or Latino,2022,0.04,Pacific
California,Non-Hispanic White,2022,0.02,Pacific
California,Two or more races,2022,0.03,Pacific
Arkansas,Black or African American,2022,0.06,West South Central
Arkansas,Hispanic or Latino,2022,0.15,West South Central
Arkansas,Non-Hispanic White,2022,0.04,West South Central
Arkansas,Two or more races,2022,0.08,West South Central
Arizona,American Indian or Alaska Native,2022,0.14,Mountain
Arizona,Asian and Pacific Islander,2022,0.05,Mountain
Arizona,Black or African American,2022,0.12,Mountain
Arizona,Hispanic or Latino,2022,0.1,Mountain
Arizona,Non-Hispanic White,2022,0.06,Mountain
Arizona,Two or more races,2022,0.09,Mountain
Alaska,American Indian or Alaska Native,2022,0.16,Pacific
Alaska,Asian and Pacific Islander,2022,0.09,Pacific
Alaska,Hispanic or Latino,2022,0.07,Pacific
Alaska,Non-Hispanic White,2022,0.06,Pacific
Alaska,Two or more races,2022,0.08,Pacific
Alabama,Asian and Pacific Islander,2022,0.04,East South Central
Alabama,Black or African American,2022,0.02,East South Central
Alabama,Hispanic or Latino,2022,0.11,East South Central
Alabama,Non-Hispanic White,2022,0.02,East South Central
Alabama,Two or more races,2022,0.05,East South Central
Alaska,American Indian or Alaska Native,2024,0.1,Pacific
Alaska,Asian and Pacific Islander,2024,0.11,Pacific
Alaska,Hispanic or Latino,2024,0.07,Pacific
Alaska,Non-Hispanic White,2024,0.07,Pacific
Alaska,Two or more races,2024,0.1,Pacific
Alabama,American Indian or Alaska Native,2024,0.05,East South Central
Alabama,Asian and Pacific Islander,2024,0.03,East South Central
Alabama,Black or African American,2024,0.04,East South Central
Alabama,Hispanic or Latino,2024,0.08,East South Central
Alabama,Non-Hispanic White,2024,0.03,East South Central
Alabama,Two or more races,2024,0.04,East South Central
Arizona,American Indian or Alaska Native,2024,0.22,Mountain
Arizona,Asian and Pacific Islander,2024,0.05,Mountain
Arizona,Black or African American,2024,0.13,Mountain
Arizona,Hispanic or Latino,2024,0.11,Mountain
Arizona,Non-Hispanic White,2024,0.06,Mountain
Arizona,Two or more races,2024,0.1,Mountain
Arkansas,Black or African American,2024,0.07,West South Central
Arkansas,Hispanic or Latino,2024,0.16,West South Central
Arkansas,Non-Hispanic White,2024,0.06,West South Central
Arkansas,Two or more races,2024,0.09,West South Central
California,American Indian or Alaska Native,2024,0.04,Pacific
California,Asian and Pacific Islander,2024,0.02,Pacific
California,Black or African American,2024,0.03,Pacific
California,Hispanic or Latino,2024,0.04,Pacific
California,Non-Hispanic White,2024,0.02,Pacific
California,Two or more races,2024,0.03,Pacific
Colorado,Asian and Pacific Islander,2024,0.04,Mountain
Colorado,Black or African American,2024,0.06,Mountain
Colorado,Hispanic or Latino,2024,0.09,Mountain
Colorado,Non-Hispanic White,2024,0.04,Mountain
Colorado,Two or more races,2024,0.07,Mountain
Connecticut,Asian and Pacific Islander,2024,0.02,New England
Connecticut,Black or African American,2024,0.03,New England
Connecticut,Hispanic or Latino,2024,0.04,New England
Connecticut,Non-Hispanic White,2024,0.02,New England
Connecticut,Two or more races,2024,0.03,New England
Delaware,Black or African American,2024,0.04,South Atlantic
Delaware,Non-Hispanic White,2024,0.04,South Atlantic
Florida,Asian and Pacific Islander,2024,0.07,South Atlantic
Florida,Black or African American,2024,0.07,South Atlantic
Florida,Hispanic or Latino,2024,0.11,South Atlantic
Florida,Non-Hispanic White,2024,0.07,South Atlantic
Florida,Two or more races,2024,0.09,South Atlantic
Georgia,Asian and Pacific Islander,2024,0.06,South Atlantic
Georgia,Black or African American,2024,0.06,South Atlantic
Georgia,Hispanic or Latino,2024,0.18,South Atlantic
Georgia,Non-Hispanic White,2024,0.06,South Atlantic
Georgia,Two or more races,2024,0.1,South Atlantic
Hawaii,Asian and Pacific Islander,2024,0.03,Pacific
Hawaii,Hispanic or Latino,2024,0.03,Pacific
Hawaii,Non-Hispanic White,2024,0.03,Pacific
Hawaii,Two or more races,2024,0.03,Pacific
Idaho,American Indian or Alaska Native,2024,0.08,Mountain
Idaho,Hispanic or Latino,2024,0.13,Mountain
Idaho,Non-Hispanic White,2024,0.07,Mountain
Idaho,Two or more races,2024,0.1,Mountain
Illinois,American Indian or Alaska Native,2024,0.02,East North Central
Illinois,Asian and Pacific Islander,2024,0.05,East North Central
Illinois,Black or African American,2024,0.04,East North Central
Illinois,Hispanic or Latino,2024,0.05,East North Central
Illinois,Non-Hispanic White,2024,0.03,East North Central
Illinois,Two or more races,2024,0.03,East North Central
Indiana,American Indian or Alaska Native,2024,0.07,East North Central
Indiana,Asian and Pacific Islander,2024,0.06,East North Central
Indiana,Black or African American,2024,0.04,East North Central
Indiana,Hispanic or Latino,2024,0.08,East North Central
Indiana,Non-Hispanic White,2024,0.06,East North Central
Indiana,Two or more races,2024,0.05,East North Central
Iowa,Asian and Pacific Islander,2024,0.06,West North Central
Iowa,Black or African American,2024,0.04,West North Central
Iowa,Hispanic or Latino,2024,0.07,West North Central
Iowa,Non-Hispanic White,2024,0.03,West North Central
Iowa,Two or more races,2024,0.03,West North Central
Kentucky,Black or African American,2024,0.05,East South Central
Kentucky,Hispanic or Latino,2024,0.11,East South Central
Kentucky,Non-Hispanic White,2024,0.04,East South Central
Kentucky,Two or more races,2024,0.05,East South Central
Kansas,Asian and Pacific Islander,2024,0.03,West North Central
Kansas,Black or African American,2024,0.1,West North Central
Kansas,Hispanic or Latino,2024,0.15,West North Central
Kansas,Non-Hispanic White,2024,0.04,West North Central
Kansas,Two or more races,2024,0.1,West North Central
Louisiana,Asian and Pacific Islander,2024,0.04,West South Central
Louisiana,Black or African American,2024,0.02,West South Central
Louisiana,Hispanic or Latino,2024,0.14,West South Central
Louisiana,Non-Hispanic White,2024,0.03,West South Central
Louisiana,Two or more races,2024,0.06,West South Central
Maine,American Indian or Alaska Native,2024,0.01,New England
Maine,Black or African American,2024,0.03,New England
Maine,Hispanic or Latino,2024,0.01,New England
Maine,Non-Hispanic White,2024,0.05,New England
Maine,Two or more races,2024,0.02,New England
Massachusetts,Asian and Pacific Islander,2024,0.03,New England
Massachusetts,Black or African American,2024,0.06,New England
Massachusetts,Hispanic or Latino,2024,0.01,New England
Massachusetts,Non-Hispanic White,2024,0.02,New England
Massachusetts,Two or more races,2024,0.01,New England
Maryland,Asian and Pacific Islander,2024,0.02,South Atlantic
Maryland,Black or African American,2024,0.04,South Atlantic
Maryland,Hispanic or Latino,2024,0.11,South Atlantic
Maryland,Non-Hispanic White,2024,0.02,South Atlantic
Maryland,Two or more races,2024,0.04,South Atlantic
Michigan,Asian and Pacific Islander,2024,0.03,East North Central
Michigan,Black or African American,2024,0.02,East North Central
Michigan,Hispanic or Latino,2024,0.06,East North Central
Michigan,Non-Hispanic White,2024,0.04,East North Central
Michigan,Two or more races,2024,0.04,East North Central
Missouri,Asian and Pacific Islander,2024,0.07,West North Central
Missouri,Black or African American,2024,0.07,West North Central
Missouri,Hispanic or Latino,2024,0.12,West North Central
Missouri,Non-Hispanic White,2024,0.06,West North Central
Missouri,Two or more races,2024,0.08,West North Central
Mississippi,Black or African American,2024,0.05,East South Central
Mississippi,Hispanic or Latino,2024,0.15,East South Central
Mississippi,Non-Hispanic White,2024,0.06,East South Central
Mississippi,Two or more races,2024,0.06,East South Central
Minnesota,Asian and Pacific Islander,2024,0.04,West North Central
Minnesota,Black or African American,2024,0.06,West North Central
Minnesota,Hispanic or Latino,2024,0.1,West North Central
Minnesota,Non-Hispanic White,2024,0.02,West North Central
Minnesota,Two or more races,2024,0.05,West North Central
Montana,American Indian or Alaska Native,2024,0.17,Mountain
Montana,Hispanic or Latino,2024,0.06,Mountain
Montana,Non-Hispanic White,2024,0.07,Mountain
Montana,Two or more races,2024,0.04,Mountain
Nevada,Asian and Pacific Islander,2024,0.04,Mountain
Nevada,Black or African American,2024,0.06,Mountain
Nevada,Hispanic or Latino,2024,0.12,Mountain
Nevada,Non-Hispanic White,2024,0.05,Mountain
Nevada,Two or more races,2024,0.09,Mountain
Nebraska,American Indian or Alaska Native,2024,0.05,West North Central
Nebraska,Asian and Pacific Islander,2024,0.03,West North Central
Nebraska,Black or African American,2024,0.03,West North Central
Nebraska,Hispanic or Latino,2024,0.12,West North Central
Nebraska,Non-Hispanic White,2024,0.04,West North Central
Nebraska,Two or more races,2024,0.09,West North Central
New Hampshire,Asian and Pacific Islander,2024,0.04,New England
New Hampshire,Hispanic or Latino,2024,0.03,New England
New Hampshire,Non-Hispanic White,2024,0.02,New England
New Hampshire,Two or more races,2024,0.04,New England
New Jersey,American Indian or Alaska Native,2024,0.11,Middle Atlantic
New Jersey,Asian and Pacific Islander,2024,0.03,Middle Atlantic
New Jersey,Black or African American,2024,0.05,Middle Atlantic
New Jersey,Hispanic or Latino,2024,0.08,Middle Atlantic
New Jersey,Non-Hispanic White,2024,0.02,Middle Atlantic
New Jersey,Two or more races,2024,0.05,Middle Atlantic
New York,American Indian or Alaska Native,2024,0.03,Middle Atlantic
New York,Asian and Pacific Islander,2024,0.02,Middle Atlantic
New York,Black or African American,2024,0.02,Middle Atlantic
New York,Hispanic or Latino,2024,0.04,Middle Atlantic
New York,Non-Hispanic White,2024,0.03,Middle Atlantic
New York,Two or more races,2024,0.03,Middle Atlantic
New Mexico,American Indian or Alaska Native,2024,0.08,Mountain
New Mexico,Asian and Pacific Islander,2024,0.02,Mountain
New Mexico,Black or African American,2024,0.02,Mountain
New Mexico,Hispanic or Latino,2024,0.07,Mountain
New Mexico,Non-Hispanic White,2024,0.04,Mountain
New Mexico,Two or more races,2024,0.06,Mountain
North Carolina,American Indian or Alaska Native,2024,0.09,South Atlantic
North Carolina,Asian and Pacific Islander,2024,0.02,South Atlantic
North Carolina,Black or African American,2024,0.04,South Atlantic
North Carolina,Hispanic or Latino,2024,0.13,South Atlantic
North Carolina,Non-Hispanic White,2024,0.04,South Atlantic
North Carolina,Two or more races,2024,0.05,South Atlantic
North Dakota,Non-Hispanic White,2024,0.04,West North Central
Ohio,American Indian or Alaska Native,2024,0.06,East North Central
Ohio,Asian and Pacific Islander,2024,0.06,East North Central
Ohio,Black or African American,2024,0.05,East North Central
Ohio,Hispanic or Latino,2024,0.11,East North Central
Ohio,Non-Hispanic White,2024,0.05,East North Central
Ohio,Two or more races,2024,0.06,East North Central
Oklahoma,American Indian or Alaska Native,2024,0.16,West South Central
Oklahoma,Asian and Pacific Islander,2024,0.06,West South Central
Oklahoma,Black or African American,2024,0.07,West South Central
Oklahoma,Hispanic or Latino,2024,0.12,West South Central
Oklahoma,Non-Hispanic White,2024,0.06,West South Central
Oklahoma,Two or more races,2024,0.1,West South Central
Oregon,Asian and Pacific Islander,2024,0.02,Pacific
Oregon,Hispanic or Latino,2024,0.04,Pacific
Oregon,Non-Hispanic White,2024,0.02,Pacific
Oregon,Two or more races,2024,0.04,Pacific
Pennsylvania,Asian and Pacific Islander,2024,0.04,Middle Atlantic
Pennsylvania,Black or African American,2024,0.05,Middle Atlantic
Pennsylvania,Hispanic or Latino,2024,0.07,Middle Atlantic
Pennsylvania,Non-Hispanic White,2024,0.06,Middle Atlantic
Pennsylvania,Two or more races,2024,0.04,Middle Atlantic
Rhode Island,Asian and Pacific Islander,2024,0.01,New England
Rhode Island,Non-Hispanic White,2024,0.02,New England
Rhode Island,Two or more races,2024,0.01,New England
South Carolina,Asian and Pacific Islander,2024,0.11,South Atlantic
South Carolina,Black or African American,2024,0.05,South Atlantic
South Carolina,Hispanic or Latino,2024,0.11,South Atlantic
South Carolina,Non-Hispanic White,2024,0.05,South Atlantic
South Carolina,Two or more races,2024,0.06,South Atlantic
South Dakota,Asian and Pacific Islander,2024,0.02,West North Central
South Dakota,Black or African American,2024,0.01,West North Central
South Dakota,Non-Hispanic White,2024,0.06,West North Central
Tennessee,Asian and Pacific Islander,2024,0.05,East South Central
Tennessee,Black or African American,2024,0.06,East South Central
Tennessee,Hispanic or Latino,2024,0.2,East South Central
Tennessee,Non-Hispanic White,2024,0.04,East South Central
Tennessee,Two or more races,2024,0.11,East South Central
Texas,American Indian or Alaska Native,2024,0.19,West South Central
Texas,Asian and Pacific Islander,2024,0.06,West South Central
Texas,Black or African American,2024,0.12,West South Central
Texas,Hispanic or Latino,2024,0.18,West South Central
Texas,Non-Hispanic White,2024,0.09,West South Central
Texas,Two or more races,2024,0.16,West South Central
Utah,Asian and Pacific Islander,2024,0.11,Mountain
Utah,Hispanic or Latino,2024,0.14,Mountain
Utah,Non-Hispanic White,2024,0.04,Mountain
Utah,Two or more races,2024,0.08,Mountain
Vermont,Hispanic or Latino,2024,0.02,New England
Vermont,Non-Hispanic White,2024,0.02,New England
Vermont,Two or more races,2024,0.03,New England
Virginia,American Indian or Alaska Native,2024,0.06,South Atlantic
Virginia,Asian and Pacific Islander,2024,0.03,South Atlantic
Virginia,Black or African American,2024,0.05,South Atlantic
Virginia,Hispanic or Latino,2024,0.11,South Atlantic
Virginia,Non-Hispanic White,2024,0.04,South Atlantic
Virginia,Two or more races,2024,0.06,South Atlantic
Washington,American Indian or Alaska Native,2024,0.08,Pacific
Washington,Asian and Pacific Islander,2024,0.04,Pacific
Washington,Black or African American,2024,0.03,Pacific
Washington,Hispanic or Latino,2024,0.05,Pacific
Washington,Non-Hispanic White,2024,0.03,Pacific
Washington,Two or more races,2024,0.03,Pacific
West Virginia,Black or African American,2024,0.04,South Atlantic
West Virginia,Non-Hispanic White,2024,0.03,South Atlantic
West Virginia,Two or more races,2024,0.05,South Atlantic
Wisconsin,American Indian or Alaska Native,2024,0.08,East North Central
Wisconsin,Asian and Pacific Islander,2024,0.06,East North Central
Wisconsin,Black or African American,2024,0.04,East North Central
Wisconsin,Hispanic or Latino,2024,0.05,East North Central
Wisconsin,Non-Hispanic White,2024,0.04,East North Central
Wisconsin,Two or more races,2024,0.03,East North Central
Wyoming,Hispanic or Latino,2024,0.1,Mountain
Wyoming,Non-Hispanic White,2024,0.08,Mountain
Wyoming,Non-Hispanic White,2019,0.08,Mountain
Wisconsin,Two or more races,2019,0.01,East North Central
Wisconsin,Non-Hispanic White,2019,0.03,East North Central
Wisconsin,Hispanic or Latino,2019,0.07,East North Central
Wisconsin,Black or African American,2019,0.02,East North Central
Wisconsin,Asian and Pacific Islander,2019,0.04,East North Central
West Virginia,Two or more races,2019,0.02,South Atlantic
West Virginia,Non-Hispanic White,2019,0.03,South Atlantic
West Virginia,Black or African American,2019,0.02,South Atlantic
Washington,Two or more races,2019,0.01,Pacific
Washington,Non-Hispanic White,2019,0.03,Pacific
Washington,Hispanic or Latino,2019,0.05,Pacific
Washington,Black or African American,2019,0.03,Pacific
Washington,Asian and Pacific Islander,2019,0.04,Pacific
Washington,American Indian or Alaska Native,2019,0.1,Pacific
Virginia,Two or more races,2019,0.03,South Atlantic
Virginia,Non-Hispanic White,2019,0.04,South Atlantic
Virginia,Hispanic or Latino,2019,0.12,South Atlantic
Virginia,Black or African American,2019,0.04,South Atlantic
Virginia,Asian and Pacific Islander,2019,0.05,South Atlantic
Virginia,American Indian or Alaska Native,2019,0.03,South Atlantic
Vermont,Non-Hispanic White,2019,0.02,New England
Utah,Two or more races,2019,0.07,Mountain
Utah,Non-Hispanic White,2019,0.06,Mountain
Utah,Hispanic or Latino,2019,0.17,Mountain
Texas,Two or more races,2019,0.08,West South Central
Texas,Non-Hispanic White,2019,0.08,West South Central
Texas,Hispanic or Latino,2019,0.17,West South Central
Texas,Black or African American,2019,0.09,West South Central
Texas,Asian and Pacific Islander,2019,0.08,West South Central
Texas,American Indian or Alaska Native,2019,0.14,West South Central
Tennessee,Two or more races,2019,0.03,East South Central
Tennessee,Non-Hispanic White,2019,0.04,East South Central
Tennessee,Hispanic or Latino,2019,0.17,East South Central
Tennessee,Black or African American,2019,0.03,East South Central
Tennessee,Asian and Pacific Islander,2019,0.05,East South Central
South Dakota,Two or more races,2019,0.09,West North Central
South Dakota,Non-Hispanic White,2019,0.04,West North Central
South Dakota,Asian and Pacific Islander,2019,0.01,West North Central
South Carolina,Two or more races,2019,0.06,South Atlantic
South Carolina,Non-Hispanic White,2019,0.05,South Atlantic
South Carolina,Hispanic or Latino,2019,0.16,South Atlantic
South Carolina,Black or African American,2019,0.04,South Atlantic
Rhode Island,Two or more races,2019,0.02,New England
Rhode Island,Non-Hispanic White,2019,0.01,New England
Rhode Island,Hispanic or Latino,2019,0.03,New England
Rhode Island,Black or African American,2019,0.05,New England
Rhode Island,Asian and Pacific Islander,2019,0.02,New England
Pennsylvania,Two or more races,2019,0.02,Middle Atlantic
Pennsylvania,Non-Hispanic White,2019,0.05,Middle Atlantic
Pennsylvania,Hispanic or Latino,2019,0.05,Middle Atlantic
Pennsylvania,Black or African American,2019,0.03,Middle Atlantic
Pennsylvania,Asian and Pacific Islander,2019,0.04,Middle Atlantic
Oregon,Two or more races,2019,0.03,Pacific
Oregon,Non-Hispanic White,2019,0.04,Pacific
Oregon,Hispanic or Latino,2019,0.06,Pacific
Oregon,Black or African American,2019,0.07,Pacific
Oregon,Asian and Pacific Islander,2019,0.03,Pacific
Oklahoma,Two or more races,2019,0.1,West South Central
Oklahoma,Non-Hispanic White,2019,0.06,West South Central
Oklahoma,Hispanic or Latino,2019,0.11,West South Central
Oklahoma,Black or African American,2019,0.06,West South Central
Oklahoma,Asian and Pacific Islander,2019,0.06,West South Central
Oklahoma,American Indian or Alaska Native,2019,0.18,West South Central
Ohio,Two or more races,2019,0.03,East North Central
Ohio,Non-Hispanic White,2019,0.05,East North Central
Ohio,Hispanic or Latino,2019,0.08,East North Central
Ohio,Black or African American,2019,0.04,East North Central
Ohio,Asian and Pacific Islander,2019,0.04,East North Central
Ohio,American Indian or Alaska Native,2019,0.02,East North Central
North Dakota,Two or more races,2019,0.1,West North Central
North Dakota,Non-Hispanic White,2019,0.06,West North Central
North Dakota,Hispanic or Latino,2019,0.1,West North Central
North Carolina,Two or more races,2019,0.05,South Atlantic
North Carolina,Non-Hispanic White,2019,0.04,South Atlantic
North Carolina,Hispanic or Latino,2019,0.13,South Atlantic
North Carolina,Black or African American,2019,0.04,South Atlantic
North Carolina,Asian and Pacific Islander,2019,0.06,South Atlantic
North Carolina,American Indian or Alaska Native,2019,0.06,South Atlantic
New York,Two or more races,2019,0.01,Middle Atlantic
New York,Non-Hispanic White,2019,0.02,Middle Atlantic
New York,Hispanic or Latino,2019,0.02,Middle Atlantic
New York,Black or African American,2019,0.02,Middle Atlantic
New York,Asian and Pacific Islander,2019,0.03,Middle Atlantic
New Mexico,Two or more races,2019,0.02,Mountain
New Mexico,Non-Hispanic White,2019,0.05,Mountain
New Mexico,Hispanic or Latino,2019,0.05,Mountain
New Mexico,Black or African American,2019,0.04,Mountain
New Mexico,American Indian or Alaska Native,2019,0.11,Mountain
New Jersey,Two or more races,2019,0.02,Middle Atlantic
New Jersey,Non-Hispanic White,2019,0.03,Middle Atlantic
New Jersey,Hispanic or Latino,2019,0.07,Middle Atlantic
New Jersey,Black or African American,2019,0.06,Middle Atlantic
New Jersey,Asian and Pacific Islander,2019,0.03,Middle Atlantic
New Hampshire,Two or more races,2019,0.01,New England
New Hampshire,Non-Hispanic White,2019,0.03,New England
New Hampshire,Black or African American,2019,0.05,New England
Montana,Two or more races,2019,0.03,Mountain
Montana,Non-Hispanic White,2019,0.04,Mountain
Montana,Hispanic or Latino,2019,0.04,Mountain
Montana,Asian and Pacific Islander,2019,0.05,Mountain
Montana,American Indian or Alaska Native,2019,0.22,Mountain
Nevada,Two or more races,2019,0.07,Mountain
Nevada,Non-Hispanic White,2019,0.04,Mountain
Nevada,Hispanic or Latino,2019,0.12,Mountain
Nevada,Black or African American,2019,0.04,Mountain
Nevada,Asian and Pacific Islander,2019,0.09,Mountain
Nebraska,Two or more races,2019,0.1,West North Central
Nebraska,Non-Hispanic White,2019,0.04,West North Central
Nebraska,Hispanic or Latino,2019,0.1,West North Central
Missouri,Two or more races,2019,0.07,West North Central
Missouri,Non-Hispanic White,2019,0.06,West North Central
Missouri,Hispanic or Latino,2019,0.11,West North Central
Missouri,Black or African American,2019,0.04,West North Central
Missouri,Asian and Pacific Islander,2019,0.05,West North Central
Missouri,American Indian or Alaska Native,2019,0.05,West North Central
Michigan,Two or more races,2019,0.03,East North Central
Michigan,Non-Hispanic White,2019,0.03,East North Central
Michigan,Hispanic or Latino,2019,0.07,East North Central
Michigan,Black or African American,2019,0.03,East North Central
Michigan,Asian and Pacific Islander,2019,0.03,East North Central
Mississippi,Non-Hispanic White,2019,0.06,East South Central
Mississippi,Black or African American,2019,0.03,East South Central
Minnesota,Two or more races,2019,0.02,West North Central
Minnesota,Non-Hispanic White,2019,0.02,West North Central
Minnesota,Hispanic or Latino,2019,0.07,West North Central
Minnesota,Black or African American,2019,0.04,West North Central
Minnesota,Asian and Pacific Islander,2019,0.02,West North Central
Minnesota,American Indian or Alaska Native,2019,0.11,West North Central
Massachusetts,Two or more races,2019,0.01,New England
Massachusetts,Non-Hispanic White,2019,0.01,New England
Massachusetts,Hispanic or Latino,2019,0.02,New England
Massachusetts,Black or African American,2019,0.02,New England
Massachusetts,Asian and Pacific Islander,2019,0.01,New England
Massachusetts,American Indian or Alaska Native,2019,0.01,New England
Maryland,Two or more races,2019,0.02,South Atlantic
Maryland,Non-Hispanic White,2019,0.02,South Atlantic
Maryland,Hispanic or Latino,2019,0.08,South Atlantic
Maryland,Black or African American,2019,0.04,South Atlantic
Maryland,Asian and Pacific Islander,2019,0.02,South Atlantic
Maine,Non-Hispanic White,2019,0.06,New England
Maine,Black or African American,2019,0.02,New England
Maine,American Indian or Alaska Native,2019,0.03,New England
Louisiana,Two or more races,2019,0.05,West South Central
Louisiana,Non-Hispanic White,2019,0.04,West South Central
Louisiana,Hispanic or Latino,2019,0.12,West South Central
Louisiana,Black or African American,2019,0.03,West South Central
Louisiana,American Indian or Alaska Native,2019,0.02,West South Central
Kentucky,Two or more races,2019,0.02,East South Central
Kentucky,Non-Hispanic White,2019,0.04,East South Central
Kentucky,Hispanic or Latino,2019,0.09,East South Central
Kentucky,Black or African American,2019,0.03,East South Central
Kentucky,Asian and Pacific Islander,2019,0.04,East South Central
Kansas,Two or more races,2019,0.07,West North Central
Kansas,Non-Hispanic White,2019,0.04,West North Central
Kansas,Hispanic or Latino,2019,0.13,West North Central
Kansas,Black or African American,2019,0.1,West North Central
Kansas,Asian and Pacific Islander,2019,0.03,West North Central
Iowa,Two or more races,2019,0.01,West North Central
Iowa,Non-Hispanic White,2019,0.02,West North Central
Iowa,Hispanic or Latino,2019,0.06,West North Central
Iowa,Black or African American,2019,0.06,West North Central
Iowa,Asian and Pacific Islander,2019,0.02,West North Central
Indiana,Two or more races,2019,0.05,East North Central
Indiana,Non-Hispanic White,2019,0.07,East North Central
Indiana,Hispanic or Latino,2019,0.1,East North Central
Indiana,Black or African American,2019,0.07,East North Central
Indiana,Asian and Pacific Islander,2019,0.06,East North Central
Indiana,American Indian or Alaska Native,2019,0.01,East North Central
Illinois,Two or more races,2019,0.02,East North Central
Illinois,Non-Hispanic White,2019,0.03,East North Central
Illinois,Hispanic or Latino,2019,0.06,East North Central
Illinois,Black or African American,2019,0.05,East North Central
Illinois,Asian and Pacific Islander,2019,0.03,East North Central
Illinois,American Indian or Alaska Native,2019,0.02,East North Central
Idaho,Two or more races,2019,0.02,Mountain
Idaho,Non-Hispanic White,2019,0.04,Mountain
Idaho,Hispanic or Latino,2019,0.08,Mountain
Idaho,Black or African American,2019,0.01,Mountain
Idaho,American Indian or Alaska Native,2019,0.09,Mountain
Hawaii,Two or more races,2019,0.03,Pacific
Hawaii,Non-Hispanic White,2019,0.02,Pacific
Hawaii,Hispanic or Latino,2019,0.03,Pacific
Hawaii,Black or African American,2019,0.01,Pacific
Hawaii,Asian and Pacific Islander,2019,0.04,Pacific
Georgia,Two or more races,2019,0.06,South Atlantic
Georgia,Non-Hispanic White,2019,0.06,South Atlantic
Georgia,Hispanic or Latino,2019,0.16,South Atlantic
Georgia,Black or African American,2019,0.06,South Atlantic
Georgia,Asian and Pacific Islander,2019,0.07,South Atlantic
Florida,Two or more races,2019,0.05,South Atlantic
Florida,Non-Hispanic White,2019,0.06,South Atlantic
Florida,Hispanic or Latino,2019,0.1,South Atlantic
Florida,Black or African American,2019,0.08,South Atlantic
Florida,Asian and Pacific Islander,2019,0.08,South Atlantic
Delaware,Two or more races,2019,0.05,South Atlantic
Delaware,Non-Hispanic White,2019,0.06,South Atlantic
Delaware,Hispanic or Latino,2019,0.05,South Atlantic
Delaware,Black or African American,2019,0.03,South Atlantic
Delaware,Asian and Pacific Islander,2019,0.03,South Atlantic
Connecticut,Two or more races,2019,0.04,New England
Connecticut,Non-Hispanic White,2019,0.03,New England
Connecticut,Hispanic or Latino,2019,0.05,New England
Connecticut,Black or African American,2019,0.04,New England
Connecticut,Asian and Pacific Islander,2019,0.03,New England
Colorado,Two or more races,2019,0.05,Mountain
Colorado,Non-Hispanic White,2019,0.04,Mountain
Colorado,Hispanic or Latino,2019,0.07,Mountain
Colorado,Black or African American,2019,0.07,Mountain
Colorado,Asian and Pacific Islander,2019,0.06,Mountain
California,Two or more races,2019,0.02,Pacific
California,Non-Hispanic White,2019,0.03,Pacific
California,Hispanic or Latino,2019,0.04,Pacific
California,Black or African American,2019,0.02,Pacific
California,Asian and Pacific Islander,2019,0.03,Pacific
California,American Indian or Alaska Native,2019,0.07,Pacific
Arkansas,Two or more races,2019,0.03,West South Central
Arkansas,Non-Hispanic White,2019,0.05,West South Central
Arkansas,Hispanic or Latino,2019,0.15,West South Central
Arkansas,Black or African American,2019,0.04,West South Central
Arkansas,Asian and Pacific Islander,2019,0.15,West South Central
Arkansas,American Indian or Alaska Native,2019,0.05,West South Central
Alaska,Non-Hispanic White,2019,0.07,Pacific
Alaska,Hispanic or Latino,2019,0.09,Pacific
Alaska,Black or African American,2019,0.01,Pacific
Alaska,American Indian or Alaska Native,2019,0.14,Pacific
Arizona,Two or more races,2019,0.07,Mountain
Arizona,Non-Hispanic White,2019,0.06,Mountain
Arizona,Hispanic or Latino,2019,0.11,Mountain
Arizona,Black or African American,2019,0.07,Mountain
Arizona,Asian and Pacific Islander,2019,0.09,Mountain
Arizona,American Indian or Alaska Native,2019,0.24,Mountain
Alabama,Two or more races,2019,0.01,East South Central
Alabama,Non-Hispanic White,2019,0.03,East South Central
Alabama,Hispanic or Latino,2019,0.09,East South Central
Alabama,Black or African American,2019,0.03,East South Central
Alabama,Asian and Pacific Islander,2019,0.02,East South Central
Colorado,American Indian or Alaska Native,2021,0.05,Mountain
Arizona,Asian and Pacific Islander,2021,0.04,Mountain
Arizona,American Indian or Alaska Native,2021,0.2,Mountain
Alaska,Two or more races,2021,0.09,Pacific
Alaska,Non-Hispanic White,2021,0.05,Pacific
Alaska,Hispanic or Latino,2021,0.09,Pacific
Alaska,Black or African American,2021,0.03,Pacific
Alaska,American Indian or Alaska Native,2021,0.14,Pacific
Alabama,Hispanic or Latino,2021,0.1,East South Central
Alabama,Black or African American,2021,0.04,East South Central
Alabama,Asian and Pacific Islander,2021,0.03,East South Central
Alabama,American Indian or Alaska Native,2021,0.04,East South Central
Alabama,Two or more races,2021,0.05,East South Central
Alabama,Non-Hispanic White,2021,0.03,East South Central
Arkansas,Two or more races,2021,0.06,West South Central
Arkansas,Non-Hispanic White,2021,0.04,West South Central
Arkansas,Hispanic or Latino,2021,0.12,West South Central
Arkansas,Black or African American,2021,0.04,West South Central
Arizona,Two or more races,2021,0.1,Mountain
Arizona,Non-Hispanic White,2021,0.06,Mountain
Arizona,Hispanic or Latino,2021,0.1,Mountain
Arizona,Black or African American,2021,0.07,Mountain
California,Hispanic or Latino,2021,0.04,Pacific
California,Black or African American,2021,0.03,Pacific
California,Asian and Pacific Islander,2021,0.03,Pacific
California,American Indian or Alaska Native,2021,0.05,Pacific
Colorado,Non-Hispanic White,2021,0.03,Mountain
Colorado,Hispanic or Latino,2021,0.08,Mountain
Colorado,Black or African American,2021,0.02,Mountain
Colorado,Asian and Pacific Islander,2021,0.03,Mountain
Colorado,Two or more races,2021,0.08,Mountain
California,Two or more races,2021,0.03,Pacific
California,Non-Hispanic White,2021,0.02,Pacific
Connecticut,Non-Hispanic White,2021,0.02,New England
Connecticut,Hispanic or Latino,2021,0.04,New England
Connecticut,Black or African American,2021,0.02,New England
Connecticut,Asian and Pacific Islander,2021,0.01,New England
Connecticut,Two or more races,2021,0.04,New England
Georgia,Asian and Pacific Islander,2021,0.06,South Atlantic
Delaware,Black or African American,2021,0.03,South Atlantic
Delaware,Two or more races,2021,0.02,South Atlantic
Delaware,Non-Hispanic White,2021,0.04,South Atlantic
Delaware,Hispanic or Latino,2021,0.06,South Atlantic
Florida,Non-Hispanic White,2021,0.06,South Atlantic
Florida,Hispanic or Latino,2021,0.09,South Atlantic
Florida,Black or African American,2021,0.06,South Atlantic
Florida,Asian and Pacific Islander,2021,0.06,South Atlantic
Florida,American Indian or Alaska Native,2021,0.07,South Atlantic
Florida,Two or more races,2021,0.08,South Atlantic
Georgia,Non-Hispanic White,2021,0.05,South Atlantic
Georgia,Hispanic or Latino,2021,0.13,South Atlantic
Georgia,Black or African American,2021,0.06,South Atlantic
Georgia,Two or more races,2021,0.08,South Atlantic
Hawaii,Two or more races,2021,0.02,Pacific
Hawaii,Non-Hispanic White,2021,0.04,Pacific
Hawaii,Hispanic or Latino,2021,0.03,Pacific
Hawaii,Asian and Pacific Islander,2021,0.03,Pacific
Idaho,Hispanic or Latino,2021,0.11,Mountain
Illinois,Non-Hispanic White,2021,0.03,East North Central
Illinois,Hispanic or Latino,2021,0.04,East North Central
Illinois,Black or African American,2021,0.04,East North Central
Illinois,Asian and Pacific Islander,2021,0.03,East North Central
Illinois,Two or more races,2021,0.03,East North Central
Idaho,Two or more races,2021,0.09,Mountain
Idaho,Non-Hispanic White,2021,0.06,Mountain
Indiana,Non-Hispanic White,2021,0.06,East North Central
Indiana,Hispanic or Latino,2021,0.06,East North Central
Indiana,Black or African American,2021,0.06,East North Central
Indiana,Asian and Pacific Islander,2021,0.05,East North Central
Indiana,American Indian or Alaska Native,2021,0.02,East North Central
Indiana,Two or more races,2021,0.04,East North Central
Louisiana,Asian and Pacific Islander,2021,0.07,West South Central
Iowa,Black or African American,2021,0.01,West North Central
Iowa,Asian and Pacific Islander,2021,0.03,West North Central
Iowa,American Indian or Alaska Native,2021,0.04,West North Central
Iowa,Two or more races,2021,0.05,West North Central
Iowa,Non-Hispanic White,2021,0.03,West North Central
Iowa,Hispanic or Latino,2021,0.06,West North Central
Kentucky,Non-Hispanic White,2021,0.04,East South Central
Kentucky,Hispanic or Latino,2021,0.1,East South Central
Kentucky,Black or African American,2021,0.05,East South Central
Kentucky,Asian and Pacific Islander,2021,0.02,East South Central
Kentucky,American Indian or Alaska Native,2021,0.04,East South Central
Kansas,Hispanic or Latino,2021,0.08,West North Central
Kansas,Black or African American,2021,0.08,West North Central
Kansas,Asian and Pacific Islander,2021,0.07,West North Central
Kansas,Two or more races,2021,0.07,West North Central
Kansas,Non-Hispanic White,2021,0.04,West North Central
Maine,Two or more races,2021,0.04,New England
Maine,Non-Hispanic White,2021,0.04,New England
Maine,Hispanic or Latino,2021,0.05,New England
Maine,Black or African American,2021,0.04,New England
Maine,Asian and Pacific Islander,2021,0.03,New England
Louisiana,Non-Hispanic White,2021,0.03,West South Central
Louisiana,Hispanic or Latino,2021,0.16,West South Central
Louisiana,Black or African American,2021,0.02,West South Central
Louisiana,Two or more races,2021,0.07,West South Central
Kentucky,Two or more races,2021,0.05,East South Central
Maryland,Hispanic or Latino,2021,0.1,South Atlantic
Maryland,Black or African American,2021,0.04,South Atlantic
Maryland,Asian and Pacific Islander,2021,0.04,South Atlantic
Minnesota,Black or African American,2021,0.03,West North Central
Minnesota,Asian and Pacific Islander,2021,0.02,West North Central
Minnesota,American Indian or Alaska Native,2021,0.13,West North Central
Massachusetts,Non-Hispanic White,2021,0.01,New England
Massachusetts,Hispanic or Latino,2021,0.02,New England
Massachusetts,Black or African American,2021,0.03,New England
Massachusetts,Asian and Pacific Islander,2021,0.01,New England
Maryland,Two or more races,2021,0.03,South Atlantic
Maryland,Non-Hispanic White,2021,0.03,South Atlantic
Michigan,Two or more races,2021,0.02,East North Central
Michigan,Non-Hispanic White,2021,0.03,East North Central
Michigan,Hispanic or Latino,2021,0.04,East North Central
Michigan,Black or African American,2021,0.02,East North Central
Michigan,Asian and Pacific Islander,2021,0.03,East North Central
Michigan,American Indian or Alaska Native,2021,0.04,East North Central
Massachusetts,Two or more races,2021,0.01,New England
Missouri,Non-Hispanic White,2021,0.06,West North Central
Missouri,Hispanic or Latino,2021,0.1,West North Central
Missouri,Black or African American,2021,0.05,West North Central
Missouri,Asian and Pacific Islander,2021,0.04,West North Central
Mississippi,Hispanic or Latino,2021,0.13,East South Central
Mississippi,Black or African American,2021,0.05,East South Central
Minnesota,Two or more races,2021,0.04,West North Central
Minnesota,Non-Hispanic White,2021,0.03,West North Central
Minnesota,Hispanic or Latino,2021,0.08,West North Central
Mississippi,Two or more races,2021,0.09,East South Central
Mississippi,Non-Hispanic White,2021,0.05,East South Central
Nebraska,Two or more races,2021,0.06,West North Central
Nebraska,Non-Hispanic White,2021,0.04,West North Central
Nebraska,Hispanic or Latino,2021,0.1,West North Central
Nebraska,Black or African American,2021,0.04,West North Central
Nebraska,Asian and Pacific Islander,2021,0.03,West North Central
Montana,Two or more races,2021,0.06,Mountain
Nevada,Hispanic or Latino,2021,0.11,Mountain
Nevada,Black or African American,2021,0.07,Mountain
Nevada,Asian and Pacific Islander,2021,0.07,Mountain
New Mexico,Asian and Pacific Islander,2021,0.01,Mountain
New Mexico,American Indian or Alaska Native,2021,0.11,Mountain
Montana,American Indian or Alaska Native,2021,0.2,Mountain
Missouri,Two or more races,2021,0.07,West North Central
Montana,Non-Hispanic White,2021,0.06,Mountain
Montana,Hispanic or Latino,2021,0.04,Mountain
Nevada,Two or more races,2021,0.09,Mountain
Nevada,Non-Hispanic White,2021,0.07,Mountain
New Jersey,Non-Hispanic White,2021,0.02,Middle Atlantic
New Jersey,Hispanic or Latino,2021,0.06,Middle Atlantic
New Jersey,Black or African American,2021,0.03,Middle Atlantic
New Jersey,Asian and Pacific Islander,2021,0.02,Middle Atlantic
New Hampshire,Non-Hispanic White,2021,0.04,New England
New Hampshire,Hispanic or Latino,2021,0.07,New England
New Hampshire,Two or more races,2021,0.05,New England
New Jersey,Two or more races,2021,0.03,Middle Atlantic
North Carolina,Non-Hispanic White,2021,0.04,South Atlantic
North Carolina,Hispanic or Latino,2021,0.12,South Atlantic
North Carolina,Black or African American,2021,0.05,South Atlantic
North Carolina,Asian and Pacific Islander,2021,0.04,South Atlantic
North Carolina,American Indian or Alaska Native,2021,0.11,South Atlantic
New York,Two or more races,2021,0.03,Middle Atlantic
New York,Non-Hispanic White,2021,0.02,Middle Atlantic
New Mexico,Two or more races,2021,0.06,Mountain
New Mexico,Non-Hispanic White,2021,0.03,Mountain
New Mexico,Hispanic or Latino,2021,0.07,Mountain
New York,Hispanic or Latino,2021,0.03,Middle Atlantic
New York,Black or African American,2021,0.03,Middle Atlantic
New York,Asian and Pacific Islander,2021,0.04,Middle Atlantic
New York,American Indian or Alaska Native,2021,0.04,Middle Atlantic
Oregon,American Indian or Alaska Native,2021,0.04,Pacific
North Carolina,Two or more races,2021,0.08,South Atlantic
Ohio,Two or more races,2021,0.04,East North Central
Ohio,Non-Hispanic White,2021,0.05,East North Central
Ohio,Hispanic or Latino,2021,0.09,East North Central
Ohio,Black or African American,2021,0.04,East North Central
Ohio,Asian and Pacific Islander,2021,0.08,East North Central
Ohio,American Indian or Alaska Native,2021,0.01,East North Central
North Dakota,Non-Hispanic White,2021,0.07,West North Central
North Dakota,Two or more races,2021,0.07,West North Central
Oklahoma,Hispanic or Latino,2021,0.1,West South Central
Oklahoma,Black or African American,2021,0.06,West South Central
Oklahoma,Asian and Pacific Islander,2021,0.08,West South Central
Oklahoma,American Indian or Alaska Native,2021,0.15,West South Central
Oklahoma,Two or more races,2021,0.09,West South Central
Oklahoma,Non-Hispanic White,2021,0.05,West South Central
Pennsylvania,Non-Hispanic White,2021,0.05,Middle Atlantic
Pennsylvania,Hispanic or Latino,2021,0.05,Middle Atlantic
Pennsylvania,Black or African American,2021,0.03,Middle Atlantic
Pennsylvania,Asian and Pacific Islander,2021,0.04,Middle Atlantic
Pennsylvania,American Indian or Alaska Native,2021,0.05,Middle Atlantic
Oregon,Non-Hispanic White,2021,0.03,Pacific
Oregon,Hispanic or Latino,2021,0.05,Pacific
Oregon,Black or African American,2021,0.01,Pacific
Oregon,Asian and Pacific Islander,2021,0.02,Pacific
Oregon,Two or more races,2021,0.03,Pacific
Tennessee,Asian and Pacific Islander,2021,0.03,East South Central
Rhode Island,Black or African American,2021,0.02,New England
Rhode Island,Asian and Pacific Islander,2021,0.02,New England
Pennsylvania,Two or more races,2021,0.04,Middle Atlantic
Rhode Island,Two or more races,2021,0.03,New England
Rhode Island,Non-Hispanic White,2021,0.02,New England
Rhode Island,Hispanic or Latino,2021,0.04,New England
South Dakota,Non-Hispanic White,2021,0.05,West North Central
South Dakota,Hispanic or Latino,2021,0.06,West North Central
South Dakota,Asian and Pacific Islander,2021,0.02,West North Central
South Carolina,Hispanic or Latino,2021,0.12,South Atlantic
South Carolina,Black or African American,2021,0.05,South Atlantic
South Carolina,Asian and Pacific Islander,2021,0.1,South Atlantic
South Carolina,Two or more races,2021,0.06,South Atlantic
South Carolina,Non-Hispanic White,2021,0.04,South Atlantic
Texas,Two or more races,2021,0.14,West South Central
Texas,Non-Hispanic White,2021,0.08,West South Central
Texas,Hispanic or Latino,2021,0.16,West South Central
Texas,Black or African American,2021,0.09,West South Central
Texas,Asian and Pacific Islander,2021,0.07,West South Central
Texas,American Indian or Alaska Native,2021,0.17,West South Central
Tennessee,Non-Hispanic White,2021,0.04,East South Central
Tennessee,Hispanic or Latino,2021,0.16,East South Central
Tennessee,Black or African American,2021,0.04,East South Central
Tennessee,Two or more races,2021,0.07,East South Central
South Dakota,Two or more races,2021,0.06,West North Central
Utah,Hispanic or Latino,2021,0.17,Mountain
Utah,Asian and Pacific Islander,2021,0.05,Mountain
Utah,Two or more races,2021,0.1,Mountain
Utah,Non-Hispanic White,2021,0.06,Mountain
Virginia,Non-Hispanic White,2021,0.03,South Atlantic
Virginia,Hispanic or Latino,2021,0.12,South Atlantic
Virginia,Black or African American,2021,0.03,South Atlantic
Virginia,Asian and Pacific Islander,2021,0.05,South Atlantic
Vermont,Non-Hispanic White,2021,0.02,New England
Washington,Black or African American,2021,0.03,Pacific
Washington,Asian and Pacific Islander,2021,0.03,Pacific
Washington,American Indian or Alaska Native,2021,0.11,Pacific
Virginia,Two or more races,2021,0.06,South Atlantic
Wisconsin,Non-Hispanic White,2021,0.04,East North Central
Wisconsin,Hispanic or Latino,2021,0.06,East North Central
Wisconsin,Black or African American,2021,0.02,East North Central
Wisconsin,Asian and Pacific Islander,2021,0.01,East North Central
West Virginia,Hispanic or Latino,2021,0.01,South Atlantic
West Virginia,Black or African American,2021,0.02,South Atlantic
West Virginia,Two or more races,2021,0.04,South Atlantic
West Virginia,Non-Hispanic White,2021,0.03,South Atlantic
Washington,Two or more races,2021,0.03,Pacific
Washington,Non-Hispanic White,2021,0.03,Pacific
Washington,Hispanic or Latino,2021,0.04,Pacific
Wisconsin,Two or more races,2021,0.04,East North Central
Wyoming,Non-Hispanic White,2021,0.08,Mountain
Wyoming,American Indian or Alaska Native,2023,0.08,Mountain
Wyoming,Hispanic or Latino,2023,0.09,Mountain
Wyoming,Non-Hispanic White,2023,0.06,Mountain
Wisconsin,American Indian or Alaska Native,2023,0.07,East North Central
Wisconsin,Asian and Pacific Islander,2023,0.02,East North Central
Wisconsin,Black or African American,2023,0.02,East North Central
Wisconsin,Hispanic or Latino,2023,0.06,East North Central
Wisconsin,Non-Hispanic White,2023,0.04,East North Central
Wisconsin,Two or more races,2023,0.05,East North Central
Washington,American Indian or Alaska Native,2023,0.07,Pacific
Washington,Asian and Pacific Islander,2023,0.03,Pacific
Washington,Black or African American,2023,0.03,Pacific
Washington,Hispanic or Latino,2023,0.06,Pacific
Washington,Non-Hispanic White,2023,0.03,Pacific
Washington,Two or more races,2023,0.03,Pacific
West Virginia,Non-Hispanic White,2023,0.03,South Atlantic
West Virginia,Two or more races,2023,0.01,South Atlantic
Virginia,Asian and Pacific Islander,2023,0.03,South Atlantic
Virginia,Black or African American,2023,0.03,South Atlantic
Virginia,Hispanic or Latino,2023,0.1,South Atlantic
Virginia,Non-Hispanic White,2023,0.04,South Atlantic
Virginia,Two or more races,2023,0.05,South Atlantic
Vermont,Non-Hispanic White,2023,0.02,New England
Vermont,Two or more races,2023,0.01,New England
Utah,Asian and Pacific Islander,2023,0.07,Mountain
Utah,Black or African American,2023,0.02,Mountain
Utah,Hispanic or Latino,2023,0.15,Mountain
Utah,Non-Hispanic White,2023,0.04,Mountain
Utah,Two or more races,2023,0.07,Mountain
Tennessee,Asian and Pacific Islander,2023,0.07,East South Central
Tennessee,Black or African American,2023,0.05,East South Central
Tennessee,Hispanic or Latino,2023,0.15,East South Central
Tennessee,Non-Hispanic White,2023,0.04,East South Central
Tennessee,Two or more races,2023,0.09,East South Central
South Dakota,Non-Hispanic White,2023,0.05,West North Central
South Dakota,Two or more races,2023,0.06,West North Central
Texas,American Indian or Alaska Native,2023,0.15,West South Central
Texas,Asian and Pacific Islander,2023,0.08,West South Central
Texas,Black or African American,2023,0.08,West South Central
Texas,Hispanic or Latino,2023,0.16,West South Central
Texas,Non-Hispanic White,2023,0.08,West South Central
Texas,Two or more races,2023,0.14,West South Central
South Carolina,American Indian or Alaska Native,2023,0.11,South Atlantic
South Carolina,Asian and Pacific Islander,2023,0.05,South Atlantic
South Carolina,Black or African American,2023,0.05,South Atlantic
South Carolina,Hispanic or Latino,2023,0.11,South Atlantic
South Carolina,Non-Hispanic White,2023,0.06,South Atlantic
South Carolina,Two or more races,2023,0.05,South Atlantic
Rhode Island,Black or African American,2023,0.03,New England
Rhode Island,Hispanic or Latino,2023,0.03,New England
Rhode Island,Non-Hispanic White,2023,0.02,New England
Rhode Island,Two or more races,2023,0.05,New England
Pennsylvania,American Indian or Alaska Native,2023,0.03,Middle Atlantic
Pennsylvania,Asian and Pacific Islander,2023,0.04,Middle Atlantic
Pennsylvania,Black or African American,2023,0.05,Middle Atlantic
Pennsylvania,Hispanic or Latino,2023,0.06,Middle Atlantic
Pennsylvania,Non-Hispanic White,2023,0.05,Middle Atlantic
Pennsylvania,Two or more races,2023,0.04,Middle Atlantic
Oregon,Asian and Pacific Islander,2023,0.03,Pacific
Oregon,Black or African American,2023,0.01,Pacific
Oregon,Hispanic or Latino,2023,0.03,Pacific
Oregon,Non-Hispanic White,2023,0.03,Pacific
Oregon,Two or more races,2023,0.02,Pacific
Oklahoma,American Indian or Alaska Native,2023,0.15,West South Central
Oklahoma,Asian and Pacific Islander,2023,0.06,West South Central
Oklahoma,Black or African American,2023,0.03,West South Central
Oklahoma,Hispanic or Latino,2023,0.09,West South Central
Oklahoma,Non-Hispanic White,2023,0.06,West South Central
Oklahoma,Two or more races,2023,0.08,West South Central
Ohio,Asian and Pacific Islander,2023,0.05,East North Central
Ohio,Black or African American,2023,0.04,East North Central
Ohio,Hispanic or Latino,2023,0.09,East North Central
Ohio,Non-Hispanic White,2023,0.05,East North Central
Ohio,Two or more races,2023,0.05,East North Central
North Dakota,American Indian or Alaska Native,2023,0.06,West North Central
North Dakota,Black or African American,2023,0.01,West North Central
North Dakota,Hispanic or Latino,2023,0.03,West North Central
North Dakota,Non-Hispanic White,2023,0.04,West North Central
North Dakota,Two or more races,2023,0.02,West North Central
New York,American Indian or Alaska Native,2023,0.03,Middle Atlantic
New York,Asian and Pacific Islander,2023,0.04,Middle Atlantic
New York,Black or African American,2023,0.03,Middle Atlantic
New York,Hispanic or Latino,2023,0.03,Middle Atlantic
New York,Non-Hispanic White,2023,0.02,Middle Atlantic
New York,Two or more races,2023,0.02,Middle Atlantic
North Carolina,American Indian or Alaska Native,2023,0.08,South Atlantic
North Carolina,Asian and Pacific Islander,2023,0.04,South Atlantic
North Carolina,Black or African American,2023,0.04,South Atlantic
North Carolina,Hispanic or Latino,2023,0.13,South Atlantic
North Carolina,Non-Hispanic White,2023,0.03,South Atlantic
North Carolina,Two or more races,2023,0.07,South Atlantic
New Mexico,American Indian or Alaska Native,2023,0.1,Mountain
New Mexico,Asian and Pacific Islander,2023,0.03,Mountain
New Mexico,Black or African American,2023,0.02,Mountain
New Mexico,Hispanic or Latino,2023,0.06,Mountain
New Mexico,Non-Hispanic White,2023,0.05,Mountain
New Mexico,Two or more races,2023,0.06,Mountain
New Jersey,Asian and Pacific Islander,2023,0.02,Middle Atlantic
New Jersey,Black or African American,2023,0.05,Middle Atlantic
New Jersey,Hispanic or Latino,2023,0.07,Middle Atlantic
New Jersey,Non-Hispanic White,2023,0.03,Middle Atlantic
New Jersey,Two or more races,2023,0.04,Middle Atlantic
New Hampshire,Hispanic or Latino,2023,0.03,New England
New Hampshire,Non-Hispanic White,2023,0.04,New England
New Hampshire,Two or more races,2023,0.02,New England
Nevada,American Indian or Alaska Native,2023,0.1,Mountain
Nevada,Asian and Pacific Islander,2023,0.05,Mountain
Nevada,Black or African American,2023,0.04,Mountain
Nevada,Hispanic or Latino,2023,0.12,Mountain
Nevada,Non-Hispanic White,2023,0.05,Mountain
Nevada,Two or more races,2023,0.09,Mountain
Montana,Hispanic or Latino,2023,0.08,Mountain
Montana,Non-Hispanic White,2023,0.06,Mountain
Montana,Two or more races,2023,0.06,Mountain
Nebraska,American Indian or Alaska Native,2023,0.03,West North Central
Nebraska,Asian and Pacific Islander,2023,0.04,West North Central
Nebraska,Hispanic or Latino,2023,0.06,West North Central
Nebraska,Non-Hispanic White,2023,0.03,West North Central
Nebraska,Two or more races,2023,0.05,West North Central
Missouri,Asian and Pacific Islander,2023,0.1,West North Central
Missouri,Black or African American,2023,0.05,West North Central
Missouri,Hispanic or Latino,2023,0.1,West North Central
Missouri,Non-Hispanic White,2023,0.05,West North Central
Missouri,Two or more races,2023,0.05,West North Central
Michigan,American Indian or Alaska Native,2023,0.06,East North Central
Michigan,Asian and Pacific Islander,2023,0.02,East North Central
Michigan,Black or African American,2023,0.02,East North Central
Michigan,Hispanic or Latino,2023,0.05,East North Central
Michigan,Non-Hispanic White,2023,0.03,East North Central
Michigan,Two or more races,2023,0.04,East North Central
Minnesota,American Indian or Alaska Native,2023,0.09,West North Central
Minnesota,Asian and Pacific Islander,2023,0.02,West North Central
Minnesota,Black or African American,2023,0.05,West North Central
Minnesota,Hispanic or Latino,2023,0.09,West North Central
Minnesota,Non-Hispanic White,2023,0.03,West North Central
Minnesota,Two or more races,2023,0.03,West North Central
Mississippi,Black or African American,2023,0.04,East South Central
Mississippi,Hispanic or Latino,2023,0.15,East South Central
Mississippi,Non-Hispanic White,2023,0.06,East South Central
Mississippi,Two or more races,2023,0.09,East South Central
Massachusetts,Asian and Pacific Islander,2023,0.03,New England
Massachusetts,Black or African American,2023,0.02,New England
Massachusetts,Hispanic or Latino,2023,0.02,New England
Massachusetts,Non-Hispanic White,2023,0.01,New England
Maryland,Asian and Pacific Islander,2023,0.03,South Atlantic
Maryland,Black or African American,2023,0.04,South Atlantic
Maryland,Hispanic or Latino,2023,0.11,South Atlantic
Maryland,Non-Hispanic White,2023,0.02,South Atlantic
Maryland,Two or more races,2023,0.04,South Atlantic
Louisiana,Black or African American,2023,0.03,West South Central
Louisiana,Hispanic or Latino,2023,0.17,West South Central
Louisiana,Non-Hispanic White,2023,0.03,West South Central
Louisiana,Two or more races,2023,0.07,West South Central
Maine,Non-Hispanic White,2023,0.04,New England
Maine,Two or more races,2023,0.05,New England
Kentucky,American Indian or Alaska Native,2023,0.05,East South Central
Kentucky,Asian and Pacific Islander,2023,0.01,East South Central
Kentucky,Black or African American,2023,0.04,East South Central
Kentucky,Hispanic or Latino,2023,0.09,East South Central
Kentucky,Non-Hispanic White,2023,0.03,East South Central
Kentucky,Two or more races,2023,0.05,East South Central
Kansas,American Indian or Alaska Native,2023,0.05,West North Central
Kansas,Asian and Pacific Islander,2023,0.06,West North Central
Kansas,Black or African American,2023,0.04,West North Central
Kansas,Hispanic or Latino,2023,0.11,West North Central
Kansas,Non-Hispanic White,2023,0.04,West North Central
Kansas,Two or more races,2023,0.07,West North Central
Iowa,Asian and Pacific Islander,2023,0.02,West North Central
Iowa,Black or African American,2023,0.03,West North Central
Iowa,Hispanic or Latino,2023,0.08,West North Central
Iowa,Non-Hispanic White,2023,0.03,West North Central
Iowa,Two or more races,2023,0.04,West North Central
Indiana,Asian and Pacific Islander,2023,0.05,East North Central
Indiana,Black or African American,2023,0.06,East North Central
Indiana,Hispanic or Latino,2023,0.06,East North Central
Indiana,Non-Hispanic White,2023,0.06,East North Central
Indiana,Two or more races,2023,0.06,East North Central
Idaho,Black or African American,2023,0.02,Mountain
Idaho,Hispanic or Latino,2023,0.12,Mountain
Idaho,Non-Hispanic White,2023,0.05,Mountain
Idaho,Two or more races,2023,0.1,Mountain
Illinois,Asian and Pacific Islander,2023,0.03,East North Central
Illinois,Black or African American,2023,0.02,East North Central
Illinois,Hispanic or Latino,2023,0.06,East North Central
Illinois,Non-Hispanic White,2023,0.02,East North Central
Illinois,Two or more races,2023,0.04,East North Central
Hawaii,Asian and Pacific Islander,2023,0.03,Pacific
Hawaii,Hispanic or Latino,2023,0.03,Pacific
Hawaii,Non-Hispanic White,2023,0.02,Pacific
Hawaii,Two or more races,2023,0.02,Pacific
Georgia,Asian and Pacific Islander,2023,0.05,South Atlantic
Georgia,Black or African American,2023,0.05,South Atlantic
Georgia,Hispanic or Latino,2023,0.13,South Atlantic
Georgia,Non-Hispanic White,2023,0.05,South Atlantic
Georgia,Two or more races,2023,0.09,South Atlantic
Florida,Asian and Pacific Islander,2023,0.06,South Atlantic
Florida,Black or African American,2023,0.08,South Atlantic
Florida,Hispanic or Latino,2023,0.09,South Atlantic
Florida,Non-Hispanic White,2023,0.06,South Atlantic
Florida,Two or more races,2023,0.08,South Atlantic
Delaware,Asian and Pacific Islander,2023,0.04,South Atlantic
Delaware,Black or African American,2023,0.05,South Atlantic
Delaware,Hispanic or Latino,2023,0.08,South Atlantic
Delaware,Non-Hispanic White,2023,0.04,South Atlantic
Delaware,Two or more races,2023,0.02,South Atlantic
Connecticut,American Indian or Alaska Native,2023,0.05,New England
Connecticut,Asian and Pacific Islander,2023,0.01,New England
Connecticut,Black or African American,2023,0.05,New England
Connecticut,Hispanic or Latino,2023,0.06,New England
Connecticut,Non-Hispanic White,2023,0.02,New England
Connecticut,Two or more races,2023,0.03,New England
California,American Indian or Alaska Native,2023,0.06,Pacific
California,Asian and Pacific Islander,2023,0.03,Pacific
California,Black or African American,2023,0.04,Pacific
California,Hispanic or Latino,2023,0.04,Pacific
California,Non-Hispanic White,2023,0.02,Pacific
California,Two or more races,2023,0.03,Pacific
Colorado,American Indian or Alaska Native,2023,0.07,Mountain
Colorado,Asian and Pacific Islander,2023,0.04,Mountain
Colorado,Black or African American,2023,0.03,Mountain
Colorado,Hispanic or Latino,2023,0.06,Mountain
Colorado,Non-Hispanic White,2023,0.03,Mountain
Colorado,Two or more races,2023,0.05,Mountain
Arkansas,Asian and Pacific Islander,2023,0.07,West South Central
Arkansas,Black or African American,2023,0.05,West South Central
Arkansas,Hispanic or Latino,2023,0.15,West South Central
Arkansas,Non-Hispanic White,2023,0.05,West South Central
Arkansas,Two or more races,2023,0.13,West South Central
Arizona,American Indian or Alaska Native,2023,0.15,Mountain
Arizona,Asian and Pacific Islander,2023,0.09,Mountain
Arizona,Black or African American,2023,0.09,Mountain
Arizona,Hispanic or Latino,2023,0.11,Mountain
Arizona,Non-Hispanic White,2023,0.06,Mountain
Arizona,Two or more races,2023,0.09,Mountain
Alaska,American Indian or Alaska Native,2023,0.17,Pacific
Alaska,Asian and Pacific Islander,2023,0.04,Pacific
Alaska,Hispanic or Latino,2023,0.06,Pacific
Alaska,Non-Hispanic White,2023,0.04,Pacific
Alaska,Two or more races,2023,0.07,Pacific
Alabama,American Indian or Alaska Native,2023,0.04,East South Central
Alabama,Black or African American,2023,0.05,East South Central
Alabama,Hispanic or Latino,2023,0.1,East South Central
Alabama,Non-Hispanic White,2023,0.02,East South Central
Alabama,Two or more races,2023,0.03,East South Central
